fips,State,County,Unreliable,Deaths,Years of Potential Life Lost Rate,95% CI - Low,95% CI - High,Z-Score,YPLL Rate (AIAN),YPLL Rate (AIAN) 95% CI - Low,YPLL Rate (AIAN) 95% CI - High,YPLL Rate (AIAN) Unreliable,YPLL Rate (Asian),YPLL Rate (Asian) 95% CI - Low,YPLL Rate (Asian) 95% CI - High,YPLL Rate (Asian) Unreliable,YPLL Rate (Black),YPLL Rate (Black) 95% CI - Low,YPLL Rate (Black) 95% CI - High,YPLL Rate (Black) Unreliable,YPLL Rate (Hispanic),YPLL Rate (Hispanic) 95% CI - Low,YPLL Rate (Hispanic) 95% CI - High,YPLL Rate (Hispanic) Unreliable,YPLL Rate (white),YPLL Rate (white) 95% CI - Low,YPLL Rate (white) 95% CI - High,YPLL Rate (white) Unreliable,% Fair or Poor Health,95% CI - Low,95% CI - High,Z-Score,Average Number of Physically Unhealthy Days,95% CI - Low,95% CI - High,Z-Score,Average Number of Mentally Unhealthy Days,95% CI - Low,95% CI - High,Z-Score,Unreliable,% Low birthweight,95% CI - Low,95% CI - High,Z-Score,% LBW (AIAN),% LBW (AIAN) 95% CI - Low,% LBW (AIAN) 95% CI - High,% LBW (Asian),% LBW (Asian) 95% CI - Low,% LBW (Asian) 95% CI - High,% LBW (Black),% LBW (Black) 95% CI - Low,% LBW (Black) 95% CI - High,% LBW (Hispanic),% LBW (Hispanic) 95% CI - Low,% LBW (Hispanic) 95% CI - High,% LBW (white),% LBW (white) 95% CI - Low,% LBW (white) 95% CI - High,% Smokers,95% CI - Low,95% CI - High,Z-Score,% Adults with Obesity,95% CI - Low,95% CI - High,Z-Score,Food Environment Index,Z-Score,% Physically Inactive,95% CI - Low,95% CI - High,Z-Score,% With Access to Exercise Opportunities,Z-Score,% Excessive Drinking,95% CI - Low,95% CI - High,Z-Score,# Alcohol-Impaired Driving Deaths,# Driving Deaths,% Driving Deaths with Alcohol Involvement,95% CI - Low,95% CI - High,Z-Score,# Chlamydia Cases,Chlamydia Rate,Z-Score,Teen Birth Rate,95% CI - Low,95% CI - High,Z-Score,Teen Birth Rate (AIAN),Teen Birth Rate (AIAN) 95% CI - Low,Teen Birth Rate (AIAN) 95% CI - High,Teen Birth Rate (Asian),Teen Birth Rate (Asian) 95% CI - Low,Teen Birth Rate (Asian) 95% CI - High,Teen Birth Rate (Black),Teen Birth Rate (Black) 95% CI - Low,Teen Birth Rate (Black) 95% CI - High,Teen Birth Rate (Hispanic),Teen Birth Rate (Hispanic) 95% CI - Low,Teen Birth Rate (Hispanic) 95% CI - High,Teen Birth Rate (white),Teen Birth Rate (white) 95% CI - Low,Teen Birth Rate (white) 95% CI - High,# Uninsured,% Uninsured,95% CI - Low,95% CI - High,Z-Score,# Primary Care Physicians,Primary Care Physicians Rate,Primary Care Physicians Ratio,Z-Score,# Dentists,Dentist Rate,Dentist Ratio,Z-Score,# Mental Health Providers,Mental Health Provider Rate,Mental Health Provider Ratio,Z-Score,Preventable Hospitalization Rate,Z-Score,Preventable Hosp. Rate (AIAN),Preventable Hosp. Rate (Asian),Preventable Hosp. Rate (Black),Preventable Hosp. Rate (Hispanic),Preventable Hosp. Rate (white),% With Annual Mammogram,Z-Score,% Screened (AIAN),% Screened (Asian),% Screened (Black),% Screened (Hispanic),% Screened (white),% Vaccinated,Z-Score,% Vaccinated (AIAN),% Vaccinated (Asian),% Vaccinated (Black),% Vaccinated (Hispanic),% Vaccinated (white),# Completed High School,Population,% Completed High School,95% CI - Low,95% CI - High,Z-Score,# Some College,Population,% Some College,95% CI - Low,95% CI - High,Z-Score,# Unemployed,Labor Force,% Unemployed,Z-Score,% Children in Poverty,95% CI - Low,95% CI - High,Z-Score,% Children in Poverty (AIAN),% Children in Poverty (Asian),% Children in Poverty (Black),% Children in Poverty (Hispanic),% Children in Poverty (white),80th Percentile Income,20th Percentile Income,Income Ratio,Z-Score,# Children in Single-Parent Households,# Children in Households,% Children in Single-Parent Households,95% CI - Low,95% CI - High,Z-Score,# Associations,Social Association Rate,Z-Score,Annual Average Violent Crimes,Violent Crime Rate,Z-Score,# Injury Deaths,Injury Death Rate,95% CI - Low,95% CI - High,Z-Score,Injury Death Rate (AIAN),Injury Death Rate (AIAN) 95% CI - Low,Injury Death Rate (AIAN) 95% CI - High,Injury Death Rate (Asian),Injury Death Rate (Asian) 95% CI - Low,Injury Death Rate (Asian) 95% CI - High,Injury Death Rate (Black),Injury Death Rate (Black) 95% CI - Low,Injury Death Rate (Black) 95% CI - High,Injury Death Rate (Hispanic),Injury Death Rate (Hispanic) 95% CI - Low,Injury Death Rate (Hispanic) 95% CI - High,Injury Death Rate (white),Injury Death Rate (white) 95% CI - Low,Injury Death Rate (white) 95% CI - High,Average Daily PM2.5,Z-Score,Presence of Water Violation,Z-Score,% Severe Housing Problems,95% CI - Low,95% CI - High,Severe Housing Cost Burden,Severe Housing Cost Burden 95% CI - Low,Severe Housing Cost Burden 95% CI - High,Overcrowding,Overcrowding 95% CI - Low,Overcrowding 95% CI - High,Inadequate Facilities,Inadequate Facilities 95% CI - Low,Inadequate Facilities 95% CI - High,Z-Score,% Drive Alone to Work,95% CI - Low,95% CI - High,Z-Score,% Drive Alone (AIAN),% Drive Alone (AIAN) 95% CI - Low,% Drive Alone (AIAN) 95% CI - High,% Drive Alone (Asian),% Drive Alone (Asian) 95% CI - Low,% Drive Alone (Asian) 95% CI - High,% Drive Alone (Black),% Drive Alone (Black) 95% CI - Low,% Drive Alone (Black) 95% CI - High,% Drive Alone (Hispanic),% Drive Alone (Hispanic) 95% CI - Low,% Drive Alone (Hispanic) 95% CI - High,% Drive Alone (white),% Drive Alone (white) 95% CI - Low,% Drive Alone (white) 95% CI - High,# Workers who Drive Alone,% Long Commute - Drives Alone,95% CI - Low,95% CI - High,Z-Score
27000,Minnesota,,,55372,5586,5515,5657,,21423,20165,22681,,4314,4056,4573,,9642,9308,9976,,4314,4058,4570,,5113,5038,5189,,13,13,14,,3.1,3,3.3,,3.99,3.8,4.2,,,7,7,7,,8,8,9,8,8,8,10,9,10,7,7,7,6,6,6,15,14,16,,30,29,31,,9,,19.7,19,21,,81,,23,23,24,,564,1889,30,29,31,,24470,433.9,,12,12,12,,45,42,48,13,12,14,24,23,25,30,29,31,8,7,8,268829,6,6,6,,5119,91,1102:01:00,,4279,76,1322:01:00,,16482,291,343:01:00,,3073,,6978,2094,5307,3279,2958,52,,25,34,33,37,53,55,,39,51,38,42,56,3550107,3802438,93,93,93,,1110469,1471018,75,75,76,,191143,3094711,6.2,,10,9,10,,38,16,34,22,6,137148,32201,4.3,,259037,1294252,20,20,20,,7133,12.6,,12950,236,,19454,69,68,70,,214,199,230,25,23,28,71,67,75,34,31,37,72,71,74,6.9,,,,13,13,13,11,11,11,2,2,2,1,1,1,,76,76,76,,69,67,71,65,64,66,67,66,69,67,66,68,78,78,78,2903106,31,31,32,
27001,Minnesota,Aitkin,,277,7625,5759,9490,0.75,,,,,,,,,,,,,,,,,,,,,16,14,18,0.34,3.7,3.5,4,0.86,4.43,4.1,4.7,1.15,,5,3,6,-1.52,,,,,,,,,,,,,,,,21,18,24,0.74,34,32,35,-0.07,7.4,1.5,23.1,21,26,0.24,46,0.57,23,22,24,-1,5,20,25,13,38,-0.33,27,170,-0.91,13,9,18,-0.33,,,,,,,,,,,,,,,,810,8,7,9,0.7,13,82,1222:01:00,-0.34,5,32,3170:01:00,1.19,13,82,1219:01:00,0.67,6993,2.84,,,,,,52,-0.03,,,,,,30,1.46,,,,,,11394,12367,92,91,93,0.12,1632,2493,65,60,71,0.46,603,7487,8.1,1.44,16,9,22,1.38,29,,,10,18,93083,22107,4.2,0.3,697,2594,27,21,33,1.63,25,15.7,0.29,18,112,-0.13,102,129,104,154,2.37,,,,,,,,,,,,,,,,6.1,-1.04,No,-0.44,16,14,18,13,11,15,2,1,3,2,1,2,1.81,80,77,82,0.38,,,,,,,,,,,,,,,,6248,34,31,37,0.54
27003,Minnesota,Anoka,,3321,5460,5178,5742,-0.47,14440,9742,20614,,4530,3510,5752,,7413,6248,8577,,3612,2698,4737,,5311,5001,5621,,13,12,15,-1.05,3.1,2.8,3.3,-1.25,3.78,3.5,4,-1.32,,6,6,7,0.19,8,4,12,7,6,8,9,8,10,6,5,8,6,6,6,17,14,19,-0.92,35,34,36,0.55,9.1,-0.96,21,19,23,-0.65,93,-1.74,22,21,23,-1.39,33,100,33,28,38,0.04,1267,355,0.52,9,9,10,-0.77,15,8,27,8,6,11,21,18,24,20,16,24,7,6,7,15598,5,5,6,-0.91,181,51,1972:01:00,0.46,234,65,1538:01:00,-0.47,672,187,536:01:00,-0.22,3475,0.22,1114,1197,4904,2017,3437,47,0.77,20,30,27,33,48,55,-0.57,31,44,33,39,56,227654,241738,94,94,95,-0.59,68506,93924,73,71,75,-0.61,12590,198304,6.3,0.29,7,5,10,-0.91,9,8,19,12,5,143343,41418,3.5,-1.35,15178,84315,18,16,20,-0.15,236,6.6,1.63,438,127,0.02,1027,58,55,62,-0.85,103,56,172,23,14,35,48,37,61,38,26,54,62,58,66,8.2,1.09,No,-0.44,10,10,11,8,8,9,2,2,2,0,0,1,-0.39,80,79,81,0.55,64,53,74,71,67,75,71,66,75,68,60,77,79,78,80,188439,43,41,44,1.39
27005,Minnesota,Becker,,494,7566,6472,8659,0.72,21914,15922,29418,,,,,,,,,,,,,,6053,5046,7060,,16,14,18,0.29,3.6,3.3,3.9,0.4,4.29,4,4.6,0.63,,6,6,7,0.27,10,7,13,,,,,,,,,,5,5,6,20,17,22,0.32,34,33,36,0.18,7.8,0.92,23.5,21,26,0.41,44,0.67,24,23,25,0.01,14,31,45,36,53,0.61,96,278.9,-0.07,18,15,21,0.24,30,20,44,,,,,,,,,,15,12,18,2095,8,7,9,0.67,27,78,1275:01:00,-0.25,21,61,1641:01:00,-0.27,77,223,447:01:00,-0.54,3222,0.03,5564,,,,2984,61,-1.48,35,,,,63,57,-0.73,50,,,,57,21834,23487,93,92,94,-0.17,5257,7452,71,66,75,-0.27,1173,18817,6.2,0.22,16,11,20,1.35,41,,4,23,12,113301,27299,4.2,0.17,1448,8305,17,14,21,-0.26,54,15.7,0.29,25,75,-0.5,149,87,73,101,0.46,242,169,337,,,,,,,,,,73,59,87,5.6,-1.55,No,-0.44,12,11,14,10,9,11,2,1,2,1,1,2,0.42,78,77,80,0.11,71,65,77,,,,,,,,,,79,76,81,16095,25,23,26,-0.33
27007,Minnesota,Beltrami,,627,10589,9461,11716,2.42,26004,22218,29790,,,,,,,,,,,,,,6128,5162,7094,,18,16,20,1.38,4.1,3.8,4.3,1.87,4.59,4.3,4.9,1.76,,6,6,7,0.16,7,6,9,,,,,,,,,,5,4,6,22,19,24,1.11,35,34,37,0.67,6.8,2.36,23.1,21,26,0.24,63,-0.24,22,21,23,-1.54,7,23,30,19,42,-0.08,263,557.3,2.09,30,27,33,1.66,81,71,91,,,,51,24,93,29,14,54,10,8,12,3851,10,9,12,2.12,47,100,1004:01:00,-0.8,35,74,1355:01:00,-0.91,175,369,271:01:00,-1.78,4105,0.69,9171,,,,3514,52,-0.03,31,,,,55,53,-0.4,33,,25,36,56,26603,28828,92,91,93,0.07,7360,10888,68,62,73,0.16,1559,24865,6.3,0.24,18,10,25,1.91,38,,68,56,13,99582,20690,4.8,1.63,3775,11660,32,27,38,2.73,58,12.3,0.79,118,257,1.29,239,102,89,115,1.14,200,161,238,,,,,,,,,,75,62,88,6.3,-0.84,No,-0.44,16,14,18,13,11,15,2,2,3,1,0,2,1.72,75,73,77,-0.86,72,63,80,,,,,,,69,53,85,78,75,80,21098,19,17,22,-0.85
27009,Minnesota,Benton,,416,5860,5047,6673,-0.24,,,,,,,,,,,,,,,,,,,,,15,13,17,-0.21,3.4,3.2,3.7,-0.05,4.17,3.9,4.5,0.16,,7,6,7,0.43,,,,,,,13,9,16,,,,6,5,7,19,16,22,0.03,37,35,38,1.17,8.3,0.2,23,21,26,0.2,57,0.02,24,23,26,0.2,5,19,26,14,39,-0.27,156,381.5,0.73,11,8,13,-0.61,,,,,,,34,20,55,34,17,62,8,6,10,2118,6,5,7,-0.33,12,29,3407:01:00,1.01,15,37,2731:01:00,0.94,7,17,5851:01:00,1.23,2673,-0.38,,,,,,55,-0.51,,,,,,52,-0.32,,,29,,53,24546,26896,91,90,93,0.42,8274,11665,71,66,76,-0.32,1465,22062,6.6,0.49,8,4,11,-0.85,,,13,12,8,108465,29796,3.6,-0.95,1893,10265,18,14,23,-0.06,48,11.7,0.87,57,142,0.16,147,73,61,84,-0.19,,,,,,,,,,,,,,,,7.1,-0.03,No,-0.44,15,13,18,13,10,15,3,2,4,0,0,1,1.53,83,81,85,1.31,,,,,,,,,,,,,,,,21369,24,21,26,-0.4
27011,Minnesota,Big Stone,x,,,,,0,,,,,,,,,,,,,,,,,,,,,16,14,18,0.24,3.6,3.4,3.9,0.5,4.33,4,4.6,0.76,,7,4,9,0.85,,,,,,,,,,,,,,,,21,18,24,0.9,35,33,36,0.39,7.9,0.77,24.2,22,27,0.71,63,-0.25,24,23,25,0.01,1,4,25,2,54,-0.33,9,180.3,-0.83,,,,0,,,,,,,,,,,,,,,,228,6,5,7,-0.21,9,180,555:01:00,-2.87,2,41,2462:01:00,0.74,3,61,1641:01:00,0.85,2315,-0.64,,,,,,57,-0.83,,,,,,48,0,,,,,,3321,3601,92,90,94,0.09,648,941,69,58,79,-0.03,119,2517,4.7,-0.79,14,8,20,0.93,,,,,,105068,20616,5.1,2.25,152,1065,14,6,23,-0.89,13,26,-1.23,2,30,-0.94,22,88,55,133,0.51,,,,,,,,,,,,,,,,6.9,-0.23,No,-0.44,11,9,14,9,6,12,1,0,2,3,1,4,0,78,73,82,-0.03,,,,,,,,,,,,,,,,2179,19,14,24,-0.86
27013,Minnesota,Blue Earth,,554,5500,4828,6171,-0.44,,,,,,,,,,,,,,,,,,,,,14,13,16,-0.46,3.5,3.3,3.8,0.15,4.13,3.8,4.4,0.02,,7,6,7,0.55,,,,12,7,17,10,7,13,,,,6,5,7,18,15,20,-0.46,34,32,35,0.06,7.4,1.5,22.6,20,25,0.03,72,-0.69,25,24,26,0.47,2,23,9,2,21,-1.09,522,771.6,3.75,7,5,8,-1.08,,,,,,,10,6,17,17,9,29,6,5,7,3206,6,5,7,-0.51,64,95,1057:01:00,-0.67,62,91,1101:01:00,-1.76,265,388,258:01:00,-1.94,2826,-0.26,,,1094,,2845,57,-0.83,,32,,60,58,63,-1.21,38,47,47,55,64,37381,39506,95,94,96,-0.74,12449,16439,76,71,80,-1.01,2181,40363,5.4,-0.34,11,7,15,0.01,,,35,12,9,111596,26730,4.2,0.23,2938,13268,22,18,26,0.68,87,12.9,0.71,132,200,0.73,191,57,49,65,-0.92,,,,,,,,,,,,,,,,8.3,1.19,No,-0.44,15,14,17,14,12,16,1,1,2,1,1,1,1.58,80,77,82,0.41,,,,46,33,59,54,36,73,81,68,95,81,80,83,36596,16,14,17,-1.18
27015,Minnesota,Brown,,270,5916,4722,7109,-0.21,,,,,,,,,,,,,,,,,,,,,14,12,16,-0.56,3.3,3,3.5,-0.55,4.03,3.7,4.3,-0.37,,6,5,7,-0.07,,,,,,,,,,,,,,,,19,15,22,-0.13,35,33,36,0.47,9.1,-0.96,21.8,19,24,-0.31,74,-0.81,26,25,27,1.35,3,9,33,15,51,0.06,61,243.9,-0.34,13,10,17,-0.28,,,,,,,,,,64,40,98,10,8,13,971,5,4,6,-0.9,25,100,1000:01:00,-0.8,17,68,1462:01:00,-0.64,52,209,478:01:00,-0.41,2480,-0.52,,,,,,64,-1.96,,,,,,54,-0.48,,,,,,16000,17216,93,92,94,-0.16,3880,5434,71,65,77,-0.39,731,14270,5.1,-0.53,8,4,11,-0.82,,,,32,5,104588,29787,3.5,-1.24,871,5455,16,12,20,-0.55,49,19.6,-0.28,19,73,-0.51,83,66,53,82,-0.49,,,,,,,,,,,,,,,,7.5,0.38,No,-0.44,7,6,9,6,4,7,1,0,1,1,0,1,-1.7,81,78,83,0.72,,,,,,,,,,75,67,83,83,80,85,13152,16,13,18,-1.19
27017,Minnesota,Carlton,,432,6077,5158,6997,-0.12,17550,12081,24647,,,,,,,,,,,,,,5245,4371,6118,,15,14,17,-0.01,3.5,3.3,3.8,0.14,4.18,3.9,4.5,0.22,,6,5,7,-0.18,8,5,11,,,,,,,,,,6,5,7,20,18,23,0.65,31,30,33,-1.1,8.6,-0.24,22,20,24,-0.22,56,0.07,26,25,27,0.94,5,15,33,19,47,0.06,147,409.8,0.95,17,14,20,0.21,57,40,80,,,,,,,,,,13,10,16,1670,6,5,7,-0.45,27,75,1329:01:00,-0.17,23,64,1555:01:00,-0.44,59,165,606:01:00,-0.04,5970,2.08,11110,,,,5576,37,2.38,27,,,,38,52,-0.32,51,,,,53,23651,25083,94,93,95,-0.63,6390,8965,71,66,77,-0.37,1280,17715,7.2,0.88,9,5,12,-0.49,35,22,,11,12,115500,31438,3.7,-0.88,1676,8009,21,16,26,0.44,42,11.7,0.88,61,172,0.45,136,76,63,89,-0.04,169,102,264,,,,,,,,,,71,58,85,4.6,-2.56,No,-0.44,12,10,13,9,8,10,2,1,3,1,1,2,0.11,83,80,86,1.32,81,74,88,,,,,,,,,,81,78,84,16046,34,31,37,0.54
27019,Minnesota,Carver,,634,3509,3100,3917,-1.57,,,,,,,,,,,,,,,,,,,,,11,9,12,-2.29,2.6,2.4,2.9,-2.55,3.44,3.1,3.8,-2.59,,6,5,6,-0.63,,,,8,5,11,7,3,10,5,3,8,5,5,6,13,10,16,-2.45,29,27,30,-2.05,9.6,-1.68,17.9,16,20,-1.96,95,-1.82,25,24,26,0.59,6,22,27,16,39,-0.22,211,200.8,-0.67,4,3,5,-1.37,,,,,,,,,,18,13,26,3,2,4,3074,3,3,4,-1.98,93,88,1130:01:00,-0.51,55,52,1938:01:00,0.19,221,207,482:01:00,-0.4,2931,-0.18,,,12984,,2919,51,0.13,,22,,38,52,59,-0.89,,48,7,40,59,65332,67783,96,96,97,-1.36,22388,26007,86,82,90,-2.5,3047,58673,5.2,-0.48,3,2,5,-2.08,,7,9,2,2,191539,49904,3.8,-0.52,3229,27596,12,9,14,-1.41,98,9.3,1.23,61,62,-0.63,223,43,37,49,-1.54,,,,,,,,,,,,,,,,7.8,0.68,No,-0.44,10,9,11,8,7,9,1,1,2,1,0,1,-0.7,79,77,80,0.23,,,,53,46,61,77,41,100,72,59,84,76,74,78,56637,39,36,41,1.03
27021,Minnesota,Cass,,517,10379,8855,11904,2.3,36053,28703,43404,,,,,,,,,,,,,,7039,5649,8430,,17,15,19,0.83,3.8,3.6,4.1,1.09,4.43,4.1,4.7,1.16,,7,6,8,0.61,8,6,10,,,,,,,,,,6,5,7,22,19,25,1.36,34,32,35,0.01,8.2,0.34,23.6,21,26,0.45,51,0.31,24,23,25,-0.37,13,32,41,32,49,0.4,123,413,0.97,29,24,33,1.54,88,71,107,,,,,,,,,,13,10,17,2215,10,9,11,2.12,12,40,2482:01:00,0.73,20,67,1496:01:00,-0.56,26,87,1151:01:00,0.63,3731,0.41,5723,,,23077,3315,51,0.13,15,,,,55,46,0.16,28,,,,47,20124,21548,93,93,94,-0.32,3683,5591,66,62,70,0.4,1301,14206,9.2,2.18,19,13,26,2.44,43,,,37,16,107570,25568,4.2,0.3,1460,6157,24,21,27,1,58,19.5,-0.26,68,236,1.08,171,116,99,133,1.77,288,216,376,,,,,,,,,,94,77,111,6.5,-0.64,No,-0.44,14,13,15,11,10,12,3,2,3,1,1,2,1.03,76,74,78,-0.63,73,64,81,,,,,,,,,,77,73,80,12331,31,29,33,0.28
27023,Minnesota,Chippewa,,160,6993,5266,8719,0.4,,,,,,,,,,,,,,,,,,,,,17,15,19,0.63,3.6,3.4,3.9,0.57,4.23,4,4.5,0.4,,6,4,7,-0.45,,,,,,,,,,7,3,10,5,4,7,20,17,22,0.28,32,31,34,-0.52,8.5,-0.09,23.2,21,25,0.28,45,0.63,24,23,26,0.18,2,6,33,11,55,0.06,30,254.2,-0.26,24,18,32,1.05,,,,,,,,,,69,37,118,18,13,25,672,7,6,9,0.42,11,93,1073:01:00,-0.63,6,51,1960:01:00,0.22,8,68,1470:01:00,0.79,2245,-0.69,,,,,,60,-1.31,,,,,,55,-0.57,,,,33,55,7343,8241,89,87,91,1.18,1714,2726,63,55,71,0.83,344,6779,5.1,-0.56,11,7,16,0.12,,15,10,18,5,106333,25377,4.2,0.26,509,2752,18,12,25,-0.05,35,29.7,-1.76,11,91,-0.34,54,91,68,118,0.62,,,,,,,,,,,,,,,,6.8,-0.33,No,-0.44,10,7,12,7,5,9,2,1,3,1,0,2,-0.78,79,74,84,0.32,,,,,,,,,,64,48,81,82,76,87,5617,22,17,27,-0.6
27025,Minnesota,Chisago,,563,4784,4151,5417,-0.85,,,,,,,,,,,,,,,,,,,,,14,12,16,-0.75,3.2,2.9,3.4,-0.82,3.98,3.7,4.2,-0.54,,7,6,8,1,,,,,,,,,,18,9,26,7,6,8,19,16,22,0.12,33,31,35,-0.27,9.1,-0.96,21.3,19,24,-0.52,60,-0.12,28,27,29,2.54,8,33,24,15,34,-0.36,110,194.4,-0.72,10,8,12,-0.68,,,,,,,,,,,,,,,,2071,4,4,5,-1.32,27,48,2096:01:00,0.54,24,42,2366:01:00,0.66,84,148,676:01:00,0.11,2102,-0.8,,,,,,45,1.09,,,,,,51,-0.24,,57,49,45,51,37119,38912,95,95,96,-1.01,9242,13951,66,62,71,0.35,1980,30083,6.6,0.45,6,4,9,-1.21,,,,31,6,136407,40271,3.4,-1.51,1751,12707,14,10,17,-0.99,55,9.7,1.17,37,68,-0.56,152,54,46,63,-1.02,,,,,,,,,,,,,,,,7.6,0.48,No,-0.44,10,8,11,8,7,10,1,1,2,0,0,1,-0.67,80,78,82,0.58,,,,,,,,,,,,,,,,29090,53,50,56,2.37
27027,Minnesota,Clay,,559,5611,4974,6249,-0.38,,,,,,,,,,,,,,,,,,,,,14,12,16,-0.56,3.3,3,3.6,-0.48,4.01,3.7,4.3,-0.43,,7,6,8,1,11,6,15,,,,9,7,12,8,5,11,7,6,7,16,14,19,-1,35,33,36,0.47,8.8,-0.53,21.4,19,24,-0.48,84,-1.29,25,24,26,0.29,4,18,22,10,36,-0.46,257,400.2,0.87,9,8,10,-0.78,50,28,83,,,,17,10,29,29,20,41,6,5,8,2724,5,4,6,-0.91,16,25,4014:01:00,1.12,34,53,1903:01:00,0.15,170,263,381:01:00,-0.87,3111,-0.05,,,2124,,3039,61,-1.48,27,,,29,62,58,-0.81,56,43,41,40,59,37034,38877,95,95,96,-0.97,13249,17044,78,73,83,-1.3,1561,36323,4.3,-1.08,9,5,12,-0.54,19,,71,18,11,121283,25995,4.7,1.31,2649,15660,17,14,20,-0.36,74,11.5,0.9,84,135,0.1,193,60,52,69,-0.75,,,,,,,95,51,162,68,33,125,58,49,67,7.6,0.48,No,-0.44,14,12,15,12,11,14,1,1,2,1,0,1,0.91,78,76,80,0.06,,,,,,,57,35,79,,,,74,70,78,33529,17,15,19,-1.06
27029,Minnesota,Clearwater,,131,8455,6068,10843,1.22,,,,,,,,,,,,,,,,,,,,,19,16,21,1.63,4,3.7,4.3,1.69,4.59,4.3,4.9,1.77,,5,3,6,-1.85,,,,,,,,,,,,,,,,23,20,26,1.81,35,33,36,0.55,6.7,2.51,26.8,24,29,1.81,53,0.21,24,23,25,-0.38,5,7,71,58,81,1.84,23,260.8,-0.21,31,23,41,1.85,80,47,128,,,,,,,,,,24,17,34,683,10,9,11,1.89,3,34,2939:01:00,0.89,3,33,3006:01:00,1.11,2,22,4509:01:00,1.18,3190,0.01,3517,,,,2832,51,0.13,17,,,,55,31,1.38,41,,,,31,5198,6078,86,83,88,2.42,1042,1950,53,48,59,2.19,423,4507,9.4,2.33,14,8,21,1.04,62,,,16,11,103197,20277,5.1,2.24,428,2200,19,15,24,0.14,15,17,0.1,20,220,0.93,49,110,82,146,1.52,248,124,444,,,,,,,,,,97,68,133,6.7,-0.43,No,-0.44,16,14,18,13,11,15,3,1,4,2,1,3,1.93,78,74,82,-0.02,,,,,,,,,,,,,,,,3739,36,32,39,0.72
27031,Minnesota,Cook,x,,,,,0,,,,,,,,,,,,,,,,,,,,,13,12,15,-0.9,3.2,3,3.5,-0.65,3.95,3.7,4.2,-0.67,x,8,5,11,1.66,,,,,,,,,,,,,,,,16,14,19,-1.08,31,30,33,-0.98,7.9,0.77,20,18,22,-1.07,79,-1.06,24,23,25,-0.27,2,2,100,,,3,14,256.3,-0.24,,,,0,,,,,,,,,,,,,,,,378,10,8,11,1.89,8,146,683:01:00,-2,3,55,1806:01:00,0.01,5,92,1083:01:00,0.58,3258,0.06,,,,,,36,2.54,,,,,,35,1.06,22,,,,36,4152,4282,97,96,98,-1.56,874,1165,75,64,87,-0.91,249,2948,8.4,1.7,11,6,16,0.15,9,,,71,3,109019,30860,3.5,-1.19,148,836,18,9,26,-0.21,10,18.3,-0.09,4,67,-0.57,19,70,42,110,-0.29,,,,,,,,,,,,,,,,4.7,-2.46,No,-0.44,18,14,22,11,6,15,7,2,12,4,1,8,2.58,67,61,72,-3,81,69,92,,,,,,,,,,67,62,72,2699,21,13,28,-0.71
27033,Minnesota,Cottonwood,,136,6259,4583,7934,-0.02,,,,,,,,,,,,,,,,,,,,,17,15,19,0.73,3.7,3.4,3.9,0.59,4.21,3.9,4.5,0.32,,7,5,8,0.39,,,,,,,,,,9,4,14,6,4,7,19,17,22,0.2,32,30,33,-0.77,8.8,-0.53,25.2,23,28,1.13,63,-0.27,22,21,23,-1.48,1,8,13,1,35,-0.91,23,205.4,-0.64,18,13,25,0.3,,,,,,,,,,31,15,57,14,9,20,620,7,6,8,0.38,8,71,1400:01:00,-0.07,6,53,1874:01:00,0.11,15,133,749:01:00,0.23,2322,-0.64,,,,,,56,-0.67,,,,,,40,0.65,,31,,,40,6928,7692,90,88,92,0.84,1445,2275,64,55,72,0.74,291,6265,4.6,-0.85,15,9,20,1.16,,2,,11,12,94573,24197,3.9,-0.36,561,2756,20,13,28,0.32,22,19.6,-0.29,14,117,-0.09,38,67,48,92,-0.44,,,,,,,,,,,,,,,,7,-0.13,No,-0.44,10,7,12,6,4,8,3,1,5,1,0,1,-0.75,80,77,83,0.4,,,,,,,,,,,,,,,,5183,20,16,24,-0.74
27035,Minnesota,Crow Wing,,817,6410,5664,7156,0.07,,,,,,,,,,,,,,,,,,,,,15,13,17,-0.31,3.4,3.1,3.7,-0.05,4.19,3.9,4.5,0.23,,6,5,6,-0.43,,,,,,,,,,,,,,,,21,17,24,0.78,32,30,33,-0.89,8.6,-0.24,22.5,20,25,-0.01,55,0.12,25,24,26,0.7,6,37,16,8,26,-0.74,141,216.7,-0.55,19,16,21,0.38,,,,,,,,,,,,,,,,3190,6,6,7,-0.14,69,106,943:01:00,-0.96,53,81,1239:01:00,-1.26,213,324,308:01:00,-1.4,3040,-0.1,,,,,,58,-0.99,20,,,,59,55,-0.57,42,57,42,28,55,43799,46445,94,94,95,-0.63,10143,14215,71,67,76,-0.38,2337,32291,7.2,0.89,11,6,16,0.07,37,,,13,13,109254,26048,4.2,0.27,2828,13934,20,16,24,0.31,93,14.3,0.5,127,200,0.73,278,86,76,96,0.4,,,,,,,,,,,,,,,,5.5,-1.65,No,-0.44,12,11,13,10,9,12,1,1,1,0,0,1,0.04,80,78,82,0.55,,,,,,,,,,,,,,,,30458,24,22,26,-0.41
27037,Minnesota,Dakota,,3509,4540,4310,4771,-0.98,,,,,2552,1938,3299,,6584,5589,7579,,4016,3247,4785,,4430,4174,4686,,12,10,14,-1.65,2.8,2.6,3.1,-1.92,3.54,3.3,3.8,-2.21,,7,6,7,0.48,,,,9,8,10,8,8,9,7,6,8,6,6,6,14,12,17,-1.95,31,29,32,-1.26,9.3,-1.25,18.4,16,20,-1.75,96,-1.9,23,22,23,-1.09,24,93,26,20,31,-0.29,1571,366.2,0.61,8,7,9,-0.91,34,19,55,6,4,8,17,14,20,23,20,26,5,4,5,16258,4,4,5,-1.33,276,64,1554:01:00,0.11,320,74,1349:01:00,-0.93,865,200,499:01:00,-0.34,2559,-0.46,5207,1022,3733,1971,2515,52,-0.03,,39,39,45,53,59,-0.89,54,58,37,43,60,273445,287958,95,95,95,-0.86,88470,112825,78,76,80,-1.4,15019,242394,6.2,0.19,5,3,7,-1.46,17,6,23,23,3,157171,40979,3.8,-0.52,21288,103688,21,19,22,0.36,359,8.4,1.37,585,141,0.15,1262,59,56,63,-0.8,,,,22,14,32,45,35,56,26,18,35,67,63,70,7.6,0.48,Yes,2.27,11,10,11,9,9,10,1,1,2,0,0,1,-0.36,78,77,79,-0.06,81,69,94,71,68,75,68,64,73,62,58,66,80,79,81,230584,36,35,37,0.76
27039,Minnesota,Dodge,,170,5654,4412,6895,-0.36,,,,,,,,,,,,,,,,,,,,,13,12,15,-1.05,3.1,2.9,3.3,-1.08,3.9,3.6,4.2,-0.85,,5,4,6,-0.89,,,,,,,,,,,,,,,,17,14,20,-0.75,32,31,34,-0.52,9.5,-1.54,20.5,18,23,-0.86,43,0.7,23,22,25,-0.5,5,14,36,21,50,0.17,47,224.5,-0.49,10,7,13,-0.71,,,,,,,,,,,,,,,,860,5,4,6,-1.08,9,43,2326:01:00,0.66,4,19,5247:01:00,1.82,8,38,2623:01:00,1.05,3389,0.16,,,,,,52,-0.03,,,,,,57,-0.73,,,,,,12973,13776,94,93,95,-0.59,3733,5134,73,66,79,-0.58,647,12042,5.4,-0.36,6,4,8,-1.3,,,,13,4,132978,42552,3.1,-2.09,979,5441,18,13,23,-0.15,32,15.3,0.35,21,100,-0.25,83,80,64,99,0.13,,,,,,,,,,,,,,,,8.4,1.29,No,-0.44,7,6,9,6,4,7,1,1,2,0,0,1,-1.75,78,76,80,-0.1,,,,,,,,,,,,,,,,11130,37,33,41,0.84
27041,Minnesota,Douglas,,448,5646,4775,6516,-0.36,,,,,,,,,,,,,,,,,,,,,13,11,15,-1.05,3.2,3,3.5,-0.67,4.03,3.7,4.3,-0.36,,6,5,7,0.2,,,,,,,,,,,,,,,,18,16,21,-0.17,31,30,33,-0.98,8.6,-0.24,21.1,19,24,-0.61,65,-0.37,26,25,27,1.21,4,23,17,7,30,-0.69,100,262.2,-0.2,12,10,15,-0.38,,,,,,,,,,,,,,,,1420,5,4,6,-1.06,47,123,812:01:00,-1.4,29,76,1322:01:00,-1.01,92,240,417:01:00,-0.68,2073,-0.82,,,,,,65,-2.12,,,,,,60,-0.97,59,,36,55,60,25903,27119,96,94,97,-1.06,6566,8592,76,71,82,-1.11,1019,21271,4.8,-0.75,8,5,11,-0.8,,,,23,6,115289,28917,4,-0.19,1294,8103,16,11,21,-0.55,79,20.7,-0.44,45,122,-0.04,134,71,59,83,-0.28,,,,,,,,,,,,,,,,6.7,-0.43,No,-0.44,12,10,14,11,9,13,1,0,1,1,1,2,0.35,83,81,85,1.23,,,,,,,,,,,,,,,,19196,18,15,20,-0.98
27043,Minnesota,Faribault,,206,7960,6062,9857,0.94,,,,,,,,,,,,,,,,,,,,,16,14,18,0.29,3.6,3.3,3.8,0.41,4.21,3.9,4.5,0.31,,6,5,8,-0.01,,,,,,,,,,7,3,11,6,4,7,20,17,22,0.28,37,35,39,1.33,8.6,-0.24,24,22,27,0.62,47,0.53,25,24,27,0.8,3,14,21,8,37,-0.5,36,263.7,-0.19,12,8,17,-0.43,,,,,,,,,,,,,,,,711,7,6,8,0.16,8,59,1707:01:00,0.26,6,44,2267:01:00,0.57,6,44,2267:01:00,1,2610,-0.42,,,,,,46,0.93,,,,,,58,-0.81,,,,26,58,9033,9793,92,91,94,0.08,1965,2888,68,62,74,0.09,436,7087,6.2,0.16,14,8,19,0.82,,,,33,10,98028,24030,4.1,0.02,496,3024,16,12,21,-0.47,37,27.1,-1.38,10,68,-0.57,50,73,54,96,-0.19,,,,,,,,,,,,,,,,8,0.88,No,-0.44,10,7,12,8,6,11,1,0,1,1,0,2,-0.73,80,77,84,0.64,,,,,,,,,,,,,,,,6782,29,26,32,0.07
27045,Minnesota,Fillmore,,221,5790,4562,7017,-0.28,,,,,,,,,,,,,,,,,,,,,15,13,18,-0.06,3.5,3.2,3.8,0.02,4.2,3.8,4.5,0.28,,5,4,6,-1.73,,,,,,,,,,,,,,,,19,16,23,0.24,36,34,38,1.09,9.2,-1.1,23,20,26,0.2,78,-0.99,24,23,26,0.08,6,15,40,26,53,0.37,39,185.1,-0.79,9,6,12,-0.85,,,,,,,,,,,,,,,,1303,8,7,9,0.74,8,38,2633:01:00,0.79,12,57,1761:01:00,-0.06,5,24,4227:01:00,1.17,2220,-0.71,,,,,,54,-0.35,,,,,,60,-0.97,,,,,,13180,14475,91,90,92,0.5,3206,4580,70,66,74,-0.19,585,11654,5,-0.6,11,7,16,0.15,,,,14,14,111267,30226,3.7,-0.86,633,5153,12,10,15,-1.29,63,29.9,-1.79,10,46,-0.79,87,83,66,102,0.26,,,,,,,,,,,,,,,,8.7,1.59,No,-0.44,12,11,14,9,8,10,2,1,3,3,2,3,0.29,73,72,75,-1.29,,,,,,,,,,,,,,,,10568,45,41,48,1.59
27047,Minnesota,Freeborn,,346,5568,4562,6574,-0.41,,,,,,,,,,,,,,,,,,,,,18,16,20,1.18,3.7,3.4,3.9,0.73,4.21,3.9,4.5,0.34,,7,6,8,0.6,,,,8,4,12,,,,7,4,10,6,5,8,19,17,22,0.16,35,33,36,0.39,8.3,0.2,26.7,24,29,1.77,62,-0.23,23,22,24,-0.69,3,14,21,8,37,-0.5,98,323.6,0.28,22,18,26,0.73,,,,,,,,,,45,33,61,16,13,20,1596,7,6,8,0.15,17,56,1781:01:00,0.32,13,43,2336:01:00,0.63,43,142,706:01:00,0.16,2835,-0.26,,,,2814,2808,49,0.45,,,,43,49,50,-0.16,,,23,37,51,19227,21793,88,87,90,1.48,4172,6707,62,58,67,0.93,914,16258,5.6,-0.19,13,8,18,0.68,,58,8,8,8,100780,25569,3.9,-0.29,1580,6659,24,18,29,1,57,18.8,-0.17,29,93,-0.32,128,84,70,99,0.33,,,,,,,,,,,,,,,,8.3,1.19,Yes,2.27,10,8,12,8,7,10,1,1,2,1,1,2,-0.57,81,79,83,0.85,,,,,,,,,,74,61,87,82,80,85,14602,20,17,22,-0.8
27049,Minnesota,Goodhue,,566,6556,5652,7461,0.15,,,,,,,,,,,,,,,,,,,,,14,12,16,-0.7,3.3,3,3.5,-0.55,4.03,3.7,4.3,-0.38,,6,5,7,-0.09,,,,,,,11,5,18,,,,6,5,7,19,15,22,-0.13,33,32,35,-0.15,9,-0.81,20.6,18,23,-0.82,82,-1.2,25,24,26,0.63,4,25,16,7,28,-0.75,131,282.7,-0.04,13,11,15,-0.33,,,,,,,,,,21,11,38,11,9,14,1908,5,4,6,-0.87,36,78,1287:01:00,-0.23,22,47,2105:01:00,0.4,49,106,945:01:00,0.47,4730,1.15,,,1894,,4679,50,0.29,,,,,,54,-0.48,11,,32,33,55,30581,32923,93,92,94,-0.14,7625,10955,70,65,75,-0.13,1560,26659,5.9,-0.04,7,5,10,-0.91,44,,61,2,9,125888,31449,4,-0.15,1754,10131,17,14,21,-0.28,88,19,-0.19,61,130,0.04,200,86,74,98,0.42,,,,,,,,,,,,,,,,8.6,1.49,Yes,2.27,13,11,14,11,9,13,2,1,2,0,0,1,0.46,81,79,82,0.67,,,,,,,,,,83,74,93,81,79,83,23934,36,33,39,0.76
27051,Minnesota,Grant,,78,7417,4845,10868,0.64,,,,,,,,,,,,,,,,,,,,,15,13,18,0.09,3.6,3.3,3.9,0.37,4.28,4,4.6,0.58,,8,5,10,1.7,,,,,,,,,,,,,,,,20,17,23,0.45,34,32,36,0.06,7.5,1.35,22.3,20,25,-0.1,40,0.85,25,24,26,0.58,1,5,20,2,48,-0.56,14,234.4,-0.41,14,7,23,-0.24,,,,,,,,,,,,,,,,270,6,5,7,-0.39,2,33,2986:01:00,0.9,2,33,3013:01:00,1.11,1,17,6026:01:00,1.23,2181,-0.74,,,,,,50,0.29,,,,,,55,-0.57,,,,,,3946,4242,93,91,95,-0.19,891,1271,70,63,78,-0.2,176,3337,5.3,-0.43,13,8,18,0.57,,,,48,14,99727,27204,3.7,-0.89,217,1370,16,10,22,-0.58,17,28.5,-1.58,1,17,-1.07,18,60,36,95,-0.76,,,,,,,,,,,,,,,,6.6,-0.54,No,-0.44,11,9,13,10,7,12,0,0,1,1,0,1,-0.27,76,74,79,-0.48,,,,,,,,,,,,,,,,2801,32,27,36,0.35
27053,Minnesota,Hennepin,,11724,5541,5394,5687,-0.42,24445,21257,27633,,3828,3390,4265,,11164,10619,11708,,4088,3623,4554,,4511,4355,4667,,13,11,15,-1.15,2.9,2.7,3.2,-1.7,3.53,3.3,3.8,-2.24,,7,7,8,1.4,11,10,13,8,7,8,10,10,11,7,7,8,6,6,6,13,11,15,-2.53,25,24,26,-3.49,9,-0.81,16.4,15,18,-2.6,98,-1.98,24,23,24,-0.45,79,231,34,31,37,0.1,8381,662.1,2.9,12,11,12,-0.46,36,29,43,9,8,11,27,25,28,31,29,33,3,3,4,62212,6,5,6,-0.51,1551,123,816:01:00,-1.38,1277,101,993:01:00,-2.25,5902,465,215:01:00,-2.6,2775,-0.3,7180,2046,5420,3595,2482,49,0.45,24,35,33,32,52,60,-0.97,39,52,37,44,62,817703,873217,94,93,94,-0.4,314636,384346,82,81,83,-1.89,46532,710270,6.6,0.43,11,8,13,-0.04,37,7,33,23,4,161230,34280,4.7,1.39,66176,273691,24,23,25,1.09,1380,10.9,1,5493,449,3.17,4649,74,72,76,-0.13,305,258,352,23,19,27,84,78,90,34,28,39,79,76,82,8.7,1.59,No,-0.44,16,15,16,13,13,14,3,3,3,1,1,1,1.75,70,69,70,-2.22,57,50,63,63,61,65,67,65,69,64,63,66,76,75,76,684728,30,29,30,0.14
27055,Minnesota,Houston,,193,4480,3318,5642,-1.02,,,,,,,,,,,,,,,,,,,,,14,12,16,-0.85,3.2,3,3.5,-0.72,4.03,3.7,4.3,-0.35,,5,4,6,-1.05,,,,,,,,,,,,,,,,18,15,21,-0.3,33,31,35,-0.4,9.2,-1.1,20.6,18,23,-0.82,90,-1.62,27,25,28,1.54,1,9,11,1,33,-0.98,37,198.9,-0.69,8,5,11,-0.93,,,,,,,,,,,,,,,,730,5,4,6,-0.95,10,54,1860:01:00,0.38,9,48,2070:01:00,0.36,5,27,3726:01:00,1.14,2015,-0.87,,,,,,64,-1.96,,,,,,62,-1.13,,,,,,12657,13372,95,94,96,-0.75,2923,3985,73,66,81,-0.67,442,10311,4.3,-1.09,7,4,11,-0.94,,,,53,8,110184,30158,3.7,-0.92,752,4093,18,13,23,-0.07,27,14.5,0.47,10,53,-0.71,63,68,52,86,-0.43,,,,,,,,,,,,,,,,8.5,1.39,No,-0.44,9,7,11,8,6,10,1,0,1,1,0,1,-0.97,81,79,83,0.79,,,,,,,,,,,,,,,,9973,32,28,36,0.42
27057,Minnesota,Hubbard,,277,6944,5507,8381,0.37,,,,,,,,,,,,,,,,,,,,,15,13,18,-0.01,3.5,3.2,3.8,0.07,4.18,3.9,4.5,0.21,,6,5,7,0.07,,,,,,,,,,,,,,,,19,16,22,0.08,35,33,36,0.34,8.2,0.34,23.6,21,27,0.45,46,0.59,24,23,25,0.01,5,14,36,21,50,0.17,57,265.2,-0.17,22,17,27,0.71,,,,,,,,,,,,,,,,1214,8,7,9,0.58,13,60,1653:01:00,0.21,5,23,4357:01:00,1.62,28,129,778:01:00,0.28,2975,-0.15,2762,,,,2931,56,-0.67,,,,,,41,0.57,19,,,,41,14598,15570,94,92,95,-0.44,2703,4132,65,61,70,0.47,700,9907,7.1,0.77,14,8,19,0.79,34,,38,49,13,105322,25608,4.1,0.09,715,4445,16,11,21,-0.53,25,11.6,0.89,27,130,0.05,81,76,60,95,-0.03,,,,,,,,,,,,,,,,6.9,-0.23,No,-0.44,13,11,14,10,8,11,3,2,4,1,1,2,0.56,77,74,79,-0.4,,,,,,,,,,,,,,,,9450,26,23,29,-0.2
27059,Minnesota,Isanti,,434,6311,5366,7255,0.01,,,,,,,,,,,,,,,,,,,,,14,12,16,-0.46,3.3,3.1,3.6,-0.35,4.14,3.8,4.4,0.04,,6,5,7,-0.05,,,,,,,,,,,,,,,,19,16,22,0.12,33,32,35,-0.23,8.6,-0.24,22.2,20,25,-0.14,30,1.33,25,24,26,0.71,7,31,23,13,33,-0.44,82,202,-0.66,10,8,13,-0.64,,,,,,,,,,,,,,,,1956,6,5,7,-0.52,27,67,1504:01:00,0.06,19,46,2180:01:00,0.48,70,169,592:01:00,-0.07,3335,0.12,,,,,,48,0.61,,,,,,54,-0.48,,,,,,25473,27589,92,91,94,0.05,6341,10045,63,58,68,0.8,1454,21430,6.8,0.59,8,5,11,-0.85,,,,38,9,127071,35740,3.6,-1.14,1788,9450,19,14,24,0.04,42,10.3,1.08,42,108,-0.17,154,77,65,89,-0.01,,,,,,,,,,,,,,,,7.2,0.07,No,-0.44,12,10,13,10,8,12,1,1,2,1,0,1,0.11,84,83,86,1.66,,,,,,,,,,,,,,,,20120,56,52,59,2.62
27061,Minnesota,Itasca,,670,7697,6698,8695,0.79,36742,26900,49008,,,,,,,,,,,,,,6451,5515,7388,,15,13,17,-0.06,3.5,3.3,3.8,0.25,4.26,3.9,4.6,0.51,,7,6,8,1.34,9,5,13,,,,,,,,,,7,6,8,21,18,24,0.82,33,31,34,-0.44,7.8,0.92,21.4,19,24,-0.48,51,0.34,25,24,26,0.73,10,26,38,28,48,0.3,154,341.2,0.42,19,16,22,0.39,63,43,89,,,,,,,,,,16,13,19,2336,7,6,8,0.16,41,91,1101:01:00,-0.57,35,77,1293:01:00,-1.09,135,298,335:01:00,-1.17,5147,1.47,4226,,,,5216,45,1.09,24,,,,46,45,0.24,27,,22,,46,30871,32757,94,93,95,-0.61,6674,9408,71,66,76,-0.32,1860,22100,8.4,1.68,13,8,18,0.6,44,,,14,15,108136,23268,4.6,1.27,1622,9198,18,14,21,-0.22,57,12.6,0.74,75,164,0.38,235,104,91,117,1.23,179,104,287,,,,,,,,,,102,88,116,6.8,-0.33,No,-0.44,14,12,15,11,9,13,2,2,3,1,1,2,0.97,79,77,81,0.21,72,57,86,,,,,,,,,,79,77,81,19318,28,25,30,-0.03
27063,Minnesota,Jackson,,93,4818,3226,6919,-0.83,,,,,,,,,,,,,,,,,,,,,15,13,17,-0.31,3.4,3.1,3.7,-0.23,4.07,3.8,4.4,-0.2,,6,5,8,0.13,,,,,,,,,,,,,,,,19,16,21,-0.09,32,31,34,-0.56,8.9,-0.67,22.4,20,25,-0.05,51,0.3,25,24,26,0.65,3,3,100,,,3,21,213.3,-0.58,12,7,18,-0.48,,,,,,,,,,,,,,,,445,6,5,7,-0.43,1,10,9846:01:00,1.5,4,41,2442:01:00,0.72,9,92,1085:01:00,0.59,1921,-0.94,,,,,,54,-0.35,,,,,,38,0.81,,,,,,6606,7085,93,92,95,-0.26,1533,2151,71,63,79,-0.37,279,5772,4.8,-0.72,11,6,15,-0.04,,,,17,8,106613,30746,3.5,-1.33,251,2139,12,7,17,-1.4,26,26.4,-1.28,3,25,-0.99,34,69,48,96,-0.37,,,,,,,,,,,,,,,,7.1,-0.03,No,-0.44,9,7,12,8,5,10,1,0,2,1,0,1,-0.9,78,75,81,-0.12,,,,,,,,,,,,,,,,5151,15,12,18,-1.2
27065,Minnesota,Kanabec,,221,6692,5186,8197,0.23,,,,,,,,,,,,,,,,,,,,,16,14,19,0.44,3.7,3.5,4,0.81,4.42,4.1,4.7,1.12,,6,5,8,0.25,,,,,,,,,,,,,,,,22,18,25,1.15,37,35,39,1.33,8.4,0.05,24.1,22,27,0.67,29,1.39,24,23,25,0.1,4,15,27,13,41,-0.25,26,159.1,-1,17,13,23,0.22,,,,,,,,,,,,,,,,830,7,6,7,-0.1,16,98,1021:01:00,-0.75,9,55,1824:01:00,0.03,24,146,684:01:00,0.12,6336,2.35,,,,,,40,1.9,,,,,,44,0.33,,,,,,10398,11564,90,89,91,0.89,2080,3419,61,55,66,1.13,729,9109,8,1.4,11,6,16,0.04,,28,,45,9,106339,28010,3.8,-0.61,347,3460,10,6,14,-1.74,22,13.5,0.62,23,142,0.16,77,95,75,119,0.83,,,,,,,,,,,,,,,,6.4,-0.74,No,-0.44,14,12,16,10,9,12,2,1,4,2,1,3,0.93,78,77,80,0.03,,,,,,,,,,,,,,,,7501,41,37,44,1.21
27067,Minnesota,Kandiyohi,,438,5496,4673,6318,-0.45,,,,,,,,,,,,,,,,,,,,,17,15,19,0.68,3.6,3.3,3.9,0.39,4.07,3.8,4.3,-0.19,,6,5,7,-0.38,,,,,,,7,5,9,6,5,8,5,4,6,18,15,21,-0.38,34,33,35,0.14,8,0.63,22.5,20,25,-0.01,57,0.02,22,21,23,-1.31,3,12,25,10,42,-0.33,172,398.2,0.86,22,19,25,0.73,,,,,,,,,,57,46,70,13,10,16,2787,8,7,9,0.85,40,93,1080:01:00,-0.62,34,79,1269:01:00,-1.16,182,422,237:01:00,-2.23,2816,-0.27,,,,3149,2771,56,-0.67,,,,32,58,61,-1.05,,,7,38,62,26249,28863,91,90,92,0.54,6579,9958,66,61,71,0.37,1184,24696,4.8,-0.75,11,6,16,0.07,75,,68,15,7,112633,26712,4.2,0.32,2592,10333,25,20,30,1.27,84,19.4,-0.26,75,175,0.49,124,58,48,68,-0.87,,,,,,,,,,,,,,,,7,-0.13,Yes,2.27,13,11,15,11,9,12,2,1,3,0,0,1,0.61,80,78,82,0.57,,,,,,,,,,72,62,82,83,81,85,21819,14,13,16,-1.3
27069,Minnesota,Kittson,x,,,,,0,,,,,,,,,,,,,,,,,,,,,15,13,17,-0.36,3.4,3.1,3.7,-0.18,4.13,3.8,4.5,0.03,x,5,3,7,-1.36,,,,,,,,,,,,,,,,19,16,21,-0.09,33,31,35,-0.19,8.3,0.2,22.5,20,25,-0.01,22,1.73,25,24,26,0.62,1,1,100,,,3,,,0,,,,0,,,,,,,,,,,,,,,,198,6,5,7,-0.3,,,,0,2,47,2107:01:00,0.4,,,,0,2855,-0.24,,,,,,54,-0.35,,,,,,24,1.95,,,,,,2974,3071,97,95,98,-1.52,532,814,65,56,74,0.48,111,2411,4.6,-0.88,12,7,16,0.29,,,,,,98842,29156,3.4,-1.5,192,907,21,11,31,0.49,16,37.2,-2.87,1,22,-1.01,17,80,46,128,0.12,,,,,,,,,,,,,,,,7.1,-0.03,No,-0.44,7,5,9,5,3,7,1,0,2,2,0,3,-1.96,73,69,78,-1.24,,,,,,,,,,,,,,,,2137,30,24,36,0.19
27071,Minnesota,Koochiching,,187,7454,5424,9484,0.66,,,,,,,,,,,,,,,,,,,,,16,14,19,0.58,3.8,3.5,4,0.92,4.44,4.1,4.7,1.18,,7,5,9,1.28,,,,,,,,,,,,,,,,20,18,23,0.65,35,33,37,0.47,7,2.07,23.9,21,27,0.58,47,0.53,24,23,25,-0.06,2,10,20,5,39,-0.56,11,90,-1.53,11,7,16,-0.55,,,,,,,,,,,,,,,,648,7,6,8,0.41,4,33,3057:01:00,0.92,5,41,2412:01:00,0.7,20,166,603:01:00,-0.04,6144,2.21,,,,,,44,1.26,,,,,,25,1.87,31,,,,25,8635,9312,93,91,95,-0.09,1639,2424,68,58,78,0.15,429,5796,7.4,1,15,9,22,1.32,4,,,,19,95884,25455,3.8,-0.67,524,2210,24,16,32,1,18,14.7,0.44,17,127,0.02,62,100,77,128,1.06,,,,,,,,,,,,,,,,6.3,-0.84,No,-0.44,10,7,12,9,6,11,1,0,1,1,0,1,-0.71,73,70,77,-1.22,,,,,,,,,,,,,,,,5781,15,11,18,-1.26
27073,Minnesota,Lac qui Parle,,92,5606,3662,8214,-0.38,,,,,,,,,,,,,,,,,,,,,15,13,17,-0.26,3.4,3.1,3.7,-0.15,4.17,3.9,4.4,0.15,x,5,3,7,-1.13,,,,,,,,,,,,,,,,19,16,22,0.16,35,33,36,0.34,8.9,-0.67,23.3,21,26,0.33,27,1.48,24,23,25,-0.14,2,3,67,39,82,1.62,11,166.1,-0.94,,,,0,,,,,,,,,,,,,,,,331,7,6,8,0.19,6,91,1104:01:00,-0.56,3,46,2176:01:00,0.47,1,15,6527:01:00,1.24,3750,0.43,,,,,,54,-0.35,,,,,,23,2.03,,,,,,4591,4912,93,92,95,-0.34,848,1246,68,61,75,0.09,166,3529,4.7,-0.81,12,7,17,0.29,,,,56,7,102922,25486,4,-0.07,228,1313,17,10,24,-0.27,12,18.1,-0.06,3,36,-0.88,27,81,54,118,0.2,,,,,,,,,,,,,,,,6.7,-0.43,No,-0.44,8,6,10,6,4,8,1,0,2,1,0,1,-1.51,74,71,76,-1.12,,,,,,,,,,,,,,,,3213,21,17,24,-0.71
27075,Minnesota,Lake,,145,5280,3686,6874,-0.57,,,,,,,,,,,,,,,,,,,,,14,12,16,-0.8,3.2,3,3.5,-0.68,4.01,3.7,4.3,-0.42,,6,4,7,-0.75,,,,,,,,,,,,,,,,18,15,21,-0.3,32,31,34,-0.56,8.8,-0.53,20.7,18,23,-0.78,60,-0.11,24,23,25,-0.04,3,8,38,18,56,0.26,25,234.9,-0.41,19,13,27,0.42,,,,,,,,,,,,,,,,409,5,4,6,-0.81,10,94,1064:01:00,-0.65,5,47,2128:01:00,0.42,12,113,887:01:00,0.41,3722,0.4,,,,,,33,3,,,,,,51,-0.24,,,,,,7612,8048,95,93,96,-0.73,1618,2147,75,65,86,-0.96,384,5273,7.3,0.92,9,5,13,-0.49,,,,,,114061,27860,4.1,0.05,355,1853,19,10,28,0.09,16,15,0.39,9,80,-0.45,41,77,55,105,0.01,,,,,,,,,,,,,,,,3.5,-3,No,-0.44,10,8,13,8,5,10,1,0,2,2,1,3,-0.45,74,72,77,-0.97,,,,,,,,,,,,,,,,4685,33,26,40,0.5
27077,Minnesota,Lake of the Woods,x,,,,,0,,,,,,,,,,,,,,,,,,,,,16,14,18,0.19,3.6,3.3,3.8,0.39,4.29,4,4.6,0.62,x,4,2,7,-2.08,,,,,,,,,,,,,,,,20,17,23,0.57,32,30,34,-0.73,8.2,0.34,23.4,21,26,0.37,51,0.33,25,24,26,0.37,1,4,25,2,54,-0.33,,,0,16,8,30,0.09,,,,,,,,,,,,,,,,203,7,6,9,0.39,2,53,1870:01:00,0.39,1,27,3754:01:00,1.44,1,27,3754:01:00,1.15,2379,-0.59,,,,,,51,0.13,,,,,,26,1.78,,,,,,2696,2801,96,94,99,-1.31,516,766,67,50,85,0.19,150,2442,6.1,0.15,10,6,15,-0.13,,,,,,91272,21856,4.2,0.23,233,746,31,15,48,2.5,12,32.1,-2.11,2,51,-0.73,10,53,25,98,-1.08,,,,,,,,,,,,,,,,6.7,-0.43,No,-0.44,12,7,17,10,5,14,2,0,5,0,0,1,0.22,75,66,83,-0.92,,,,,,,,,,,,,,,,1904,26,15,36,-0.23
27079,Minnesota,Le Sueur,,283,5124,4171,6077,-0.66,,,,,,,,,,,,,,,,,,,,,14,13,16,-0.41,3.3,3,3.5,-0.61,3.98,3.7,4.2,-0.56,,6,5,7,-0.21,,,,,,,,,,7,3,10,6,5,7,17,15,20,-0.63,32,30,33,-0.77,9.2,-1.1,22.5,20,25,-0.01,73,-0.75,24,23,26,0.18,4,12,33,18,49,0.06,67,231.9,-0.43,12,10,15,-0.39,,,,,,,,,,27,17,41,10,7,13,1543,7,6,7,-0.1,4,14,7222:01:00,1.41,10,35,2874:01:00,1.03,12,42,2395:01:00,1.02,2972,-0.15,,,,,,50,0.29,,,,,,54,-0.48,,,,38,54,18572,19646,95,94,96,-0.71,4393,6759,65,60,70,0.53,1094,16186,6.8,0.57,6,4,9,-1.19,,,,41,6,126679,35005,3.6,-1,1117,6722,17,12,21,-0.42,42,14.5,0.46,14,50,-0.74,96,68,55,83,-0.42,,,,,,,,,,,,,,,,8.1,0.98,Yes,2.27,10,8,11,8,7,9,2,1,2,1,0,1,-0.74,83,80,85,1.2,,,,,,,,,,,,,,,,14985,42,38,45,1.33
27081,Minnesota,Lincoln,,74,7331,4789,10742,0.59,,,,,,,,,,,,,,,,,,,,,16,13,18,0.14,3.5,3.3,3.8,0.2,4.23,3.9,4.5,0.41,x,5,3,6,-1.84,,,,,,,,,,,,,,,,20,17,23,0.45,33,31,34,-0.44,8.8,-0.53,22.9,20,25,0.16,37,0.99,24,23,25,-0.01,0,2,0,0,51,-1.5,7,124.1,-1.27,15,9,25,-0.05,,,,,,,,,,,,,,,,277,7,6,8,-0.03,3,53,1880:01:00,0.4,3,54,1856:01:00,0.08,1,18,5568:01:00,1.22,2327,-0.63,,,,,,51,0.13,,,,,,18,2.43,,,,,,3656,3952,93,91,94,-0.01,778,1123,69,61,77,-0.09,139,3125,4.4,-0.98,9,5,12,-0.49,,,,38,11,105024,21579,4.9,1.75,169,1331,13,8,17,-1.21,16,28.4,-1.57,10,164,0.38,21,74,46,113,-0.13,,,,,,,,,,,,,,,,6.1,-1.04,No,-0.44,9,7,11,9,7,11,0,0,1,0,0,1,-0.86,68,64,71,-2.75,,,,,,,,,,,,,,,,2670,41,36,45,1.19
27083,Minnesota,Lyon,,244,5555,4539,6571,-0.41,,,,,,,,,,,,,,,,,,,,,16,14,18,0.34,3.5,3.3,3.8,0.26,4.12,3.8,4.4,-0.02,,5,4,6,-1.01,,,,6,3,9,,,,4,2,7,6,4,7,19,16,22,0.12,35,33,36,0.51,7.6,1.21,23.1,21,26,0.24,79,-1.04,23,22,24,-1,5,12,42,26,56,0.45,77,302.3,0.11,14,11,17,-0.19,,,,37,19,65,,,,62,45,83,7,5,10,1351,7,6,8,-0.06,17,67,1498:01:00,0.05,14,55,1805:01:00,0,50,198,505:01:00,-0.32,1820,-1.01,,,,,,53,-0.19,,,,,,54,-0.48,,20,26,23,55,15216,16359,93,92,94,-0.18,4604,6134,75,69,81,-0.91,645,14364,4.5,-0.95,10,6,15,-0.1,,5,28,45,8,110063,25477,4.3,0.55,1378,6576,21,16,26,0.44,42,16.5,0.18,28,108,-0.18,80,63,50,78,-0.65,,,,,,,,,,,,,,,,6.1,-1.04,No,-0.44,13,10,15,10,8,13,3,1,4,1,0,1,0.55,77,75,79,-0.24,,,,68,56,80,,,,66,50,82,79,77,82,12959,13,11,16,-1.41
27085,Minnesota,McLeod,,358,4797,4031,5563,-0.84,,,,,,,,,,,,,,,,,,,,,15,13,17,-0.01,3.5,3.2,3.7,0.04,4.15,3.9,4.4,0.09,,6,5,7,0.08,,,,,,,,,,6,3,8,6,5,7,19,16,21,-0.13,36,34,37,0.8,8.1,0.48,22.3,20,25,-0.1,62,-0.23,23,22,24,-0.99,8,14,57,45,67,1.17,111,309.3,0.17,13,11,16,-0.28,,,,,,,,,,34,22,51,12,9,15,1526,5,4,6,-0.81,33,92,1088:01:00,-0.6,27,76,1323:01:00,-1,82,230,435:01:00,-0.59,5590,1.79,,,,,,45,1.09,,25,,,46,52,-0.32,,56,21,32,53,23172,24831,93,92,95,-0.29,6085,8586,71,65,77,-0.31,1091,19236,5.7,-0.16,7,4,10,-1.02,,,,26,4,111173,30153,3.7,-0.85,1055,8198,13,9,17,-1.17,63,17.6,0.02,33,92,-0.33,114,64,52,75,-0.6,,,,,,,,,,,,,,,,7.1,-0.03,Yes,2.27,9,8,11,8,6,10,1,0,2,0,0,1,-0.92,86,83,88,1.98,,,,,,,,,,86,71,100,86,84,87,18651,27,24,31,-0.06
27087,Minnesota,Mahnomen,,113,16679,12392,20967,3,,,,,,,,,,,,,,,,,,,,,25,23,27,3,5.1,4.8,5.4,3,5.33,5.1,5.6,3,,8,6,10,1.8,8,5,10,,,,,,,,,,6,3,9,30,27,32,3,40,39,41,2.61,6.3,3,30.1,28,32,3,42,0.75,22,21,23,-1.69,1,4,25,2,54,-0.33,32,579,2.26,51,39,65,3,52,37,71,,,,,,,,,,45,26,72,432,10,8,11,1.76,1,18,5527:01:00,1.3,,,,0,,,,0,2081,-0.82,2054,,,,1444,40,1.9,20,,,,54,34,1.14,44,,,,31,2888,3353,86,85,88,2.21,626,1124,56,50,61,1.86,286,2198,13,3,24,14,35,3,37,,,21,14,88310,19060,4.6,1.24,602,1724,35,29,40,3,4,7.2,1.53,12,209,0.81,52,189,141,247,3,281,196,391,,,,,,,,,,126,73,201,6.5,-0.64,No,-0.44,14,12,16,11,9,14,3,2,4,1,0,2,1.01,75,71,79,-0.88,81,75,86,,,,,,,,,,77,72,83,2022,23,20,27,-0.46
27089,Minnesota,Marshall,,110,6572,4598,8546,0.16,,,,,,,,,,,,,,,,,,,,,15,13,17,-0.06,3.4,3.1,3.6,-0.24,4.11,3.8,4.4,-0.07,,6,4,7,-0.65,,,,,,,,,,,,,,,,19,16,22,-0.01,32,31,34,-0.6,7.7,1.06,22.5,20,25,-0.01,34,1.16,24,23,25,0,2,11,18,4,37,-0.65,11,117.8,-1.32,10,6,15,-0.69,,,,,,,,,,,,,,,,478,7,6,8,-0.02,1,11,9336:01:00,1.49,2,21,4661:01:00,1.7,,,,0,2649,-0.39,,,,,,54,-0.35,,,,,,50,-0.16,,,,,,5894,6544,90,89,91,0.84,1255,2008,63,57,68,0.89,353,5451,6.5,0.38,9,5,13,-0.41,,,,19,6,106827,28565,3.7,-0.73,384,2149,18,14,22,-0.17,29,31.1,-1.96,3,27,-0.97,28,60,40,87,-0.77,,,,,,,,,,,,,,,,7.2,0.07,No,-0.44,8,7,10,7,5,8,1,0,2,1,1,2,-1.32,76,73,79,-0.54,,,,,,,,,,,,,,,,4613,38,34,41,0.93
27091,Minnesota,Martin,,239,5380,4192,6568,-0.51,,,,,,,,,,,,,,,,,,,,,16,14,18,0.29,3.6,3.3,3.8,0.36,4.22,3.9,4.5,0.38,,6,5,7,-0.6,,,,,,,,,,,,,,,,20,17,23,0.65,35,34,37,0.63,8,0.63,22.7,20,25,0.07,54,0.19,22,21,23,-1.3,4,9,44,26,60,0.58,42,213.4,-0.58,21,17,26,0.62,,,,,,,,,,92,61,134,15,11,19,953,6,6,7,-0.13,16,81,1230:01:00,-0.32,13,67,1499:01:00,-0.56,21,108,928:01:00,0.45,3059,-0.09,,,,,,51,0.13,,,,,,58,-0.81,,,,39,58,13156,14057,94,92,95,-0.39,2883,4089,71,63,78,-0.26,520,9994,5.2,-0.47,13,7,19,0.65,,,60,43,12,101705,24238,4.2,0.27,796,4283,19,12,26,-0.03,37,18.8,-0.16,23,112,-0.14,62,63,48,81,-0.64,,,,,,,,,,,,,,,,7.6,0.48,No,-0.44,11,8,13,9,6,11,1,0,2,1,0,3,-0.37,81,78,84,0.7,,,,,,,,,,85,68,100,81,78,84,9605,14,12,17,-1.3
27093,Minnesota,Meeker,,255,4689,3706,5671,-0.9,,,,,,,,,,,,,,,,,,,,,15,13,17,-0.11,3.4,3.1,3.7,-0.13,4.14,3.8,4.4,0.05,,6,4,7,-0.76,,,,,,,,,,10,4,16,5,4,6,19,16,22,-0.01,35,34,36,0.55,8.6,-0.24,22.2,20,25,-0.14,51,0.31,25,24,26,0.59,7,15,47,34,58,0.68,52,223.9,-0.49,14,11,18,-0.17,,,,,,,,,,,,,,,,1025,6,5,6,-0.63,13,56,1786:01:00,0.33,11,47,2122:01:00,0.42,14,60,1667:01:00,0.86,6941,2.8,,,,,,47,0.77,,,,,,45,0.24,,,,30,45,14772,15792,94,92,95,-0.37,3176,4947,64,60,69,0.64,684,13251,5.2,-0.5,7,4,10,-1.07,,,,6,7,111684,29871,3.7,-0.73,719,5607,13,10,16,-1.18,35,15.1,0.38,25,106,-0.19,67,58,45,73,-0.87,,,,,,,,,,,,,,,,6.9,-0.23,No,-0.44,11,10,13,9,7,10,2,1,3,1,0,1,-0.09,81,79,83,0.85,,,,,,,,,,,,,,,,11431,32,29,34,0.33
27095,Minnesota,Mille Lacs,,386,9791,8301,11281,1.97,46709,33803,62916,,,,,,,,,,,,,,7464,6145,8782,,17,15,19,0.63,3.8,3.5,4,1.02,4.46,4.2,4.7,1.26,,7,6,8,1.11,13,8,17,,,,,,,,,,6,5,7,22,19,25,1.27,33,32,35,-0.11,8.4,0.05,23.4,21,26,0.37,46,0.55,22,21,23,-1.49,8,21,38,27,49,0.28,73,277.8,-0.08,25,21,30,1.17,65,45,90,,,,,,,,,,20,16,25,1761,8,7,10,1.02,19,72,1383:01:00,-0.09,14,54,1868:01:00,0.1,64,245,409:01:00,-0.72,6246,2.28,21065,,,,5941,41,1.74,15,,,,43,36,0.97,5,,,,37,16176,17934,90,89,92,0.79,3458,6105,57,52,62,1.73,1090,12937,8.4,1.69,12,8,17,0.49,41,,,2,12,104665,24716,4.2,0.36,1353,6121,22,18,26,0.67,47,17.9,-0.03,35,136,0.1,148,114,95,132,1.67,442,308,615,,,,,,,,,,95,77,113,6.8,-0.33,No,-0.44,14,12,15,11,9,12,2,2,3,1,0,1,0.85,77,74,79,-0.37,80,73,88,,,,,,,,,,75,72,77,12207,45,41,49,1.59
27097,Minnesota,Morrison,,425,6751,5714,7788,0.26,,,,,,,,,,,,,,,,,,,,,16,14,18,0.19,3.6,3.3,3.9,0.41,4.32,4,4.6,0.73,,5,4,6,-1,,,,,,,,,,,,,,,,19,16,22,0.24,36,34,37,0.76,8,0.63,23.1,21,26,0.24,38,0.96,26,25,28,1.38,8,25,32,21,43,0,62,185.7,-0.79,14,11,17,-0.22,,,,,,,,,,,,,,,,1762,7,6,8,0,17,51,1964:01:00,0.46,16,48,2074:01:00,0.36,38,115,873:01:00,0.4,3086,-0.07,,,,,,59,-1.15,,,,,,45,0.24,,,,,,20948,22986,91,90,92,0.47,4763,7453,64,60,68,0.68,1212,17936,6.8,0.57,12,8,16,0.35,,,,13,10,106989,24587,4.4,0.61,1508,7822,19,15,23,0.11,57,17.1,0.09,11,32,-0.92,135,82,68,95,0.21,,,,,,,,,,,,,,,,6.7,-0.43,No,-0.44,12,11,14,10,9,12,2,1,2,1,0,1,0.26,78,76,80,-0.04,,,,,,,,,,,,,,,,16255,40,37,42,1.11
27099,Minnesota,Mower,,435,6304,5392,7216,0.01,,,,,,,,,,,,,,,,,,,,,17,15,20,1.08,3.7,3.4,3.9,0.6,4.11,3.9,4.4,-0.06,,7,6,8,0.62,,,,10,7,13,11,8,15,8,6,10,5,4,6,19,16,21,0.08,35,34,36,0.55,8.5,-0.09,25.7,23,28,1.35,58,0,22,21,23,-1.28,0,9,0,0,22,-1.5,169,421.8,1.04,24,21,27,0.97,,,,44,27,67,33,18,55,54,43,68,14,11,17,2483,8,7,9,0.62,14,35,2862:01:00,0.87,22,55,1825:01:00,0.03,47,117,854:01:00,0.37,3295,0.09,,,,,,55,-0.51,,,,,,57,-0.73,,56,42,42,58,23640,26816,88,86,90,1.5,5947,9867,60,55,65,1.21,1040,20929,5,-0.63,11,6,15,-0.04,,62,20,30,9,102147,24152,4.2,0.35,2426,9987,24,19,29,1.11,54,13.5,0.62,82,208,0.81,164,82,70,95,0.25,,,,,,,,,,43,20,78,91,76,106,8.5,1.39,No,-0.44,11,9,13,8,6,9,3,2,4,1,0,1,-0.24,78,76,81,0.08,,,,62,36,89,,,,63,52,74,84,82,86,18770,22,19,24,-0.62
27101,Minnesota,Murray,,78,5035,3372,7231,-0.71,,,,,,,,,,,,,,,,,,,,,15,13,18,-0.01,3.4,3.1,3.7,-0.21,4.08,3.8,4.4,-0.16,,7,5,9,0.64,,,,,,,,,,,,,,,,19,16,22,-0.01,34,33,36,0.22,8.9,-0.67,23.6,21,26,0.45,48,0.45,24,23,25,-0.04,0,2,0,0,51,-1.5,14,170.9,-0.9,8,4,13,-0.95,,,,,,,,,,,,,,,,422,7,6,8,0.2,1,12,8194:01:00,1.45,2,25,4078:01:00,1.54,5,61,1631:01:00,0.85,2340,-0.62,,,,,,60,-1.31,,,,,,44,0.33,,,,,,5335,5923,90,88,92,0.84,1118,1565,71,64,79,-0.4,245,4834,5.1,-0.57,11,6,15,0.04,,,,29,6,107571,25552,4.2,0.3,282,1768,16,11,21,-0.56,31,37.8,-2.96,5,59,-0.65,29,70,47,101,-0.3,,,,,,,,,,,,,,,,6.5,-0.64,No,-0.44,8,7,10,7,5,8,1,0,2,1,0,1,-1.3,79,77,82,0.31,,,,,,,,,,,,,,,,4025,26,23,30,-0.15
27103,Minnesota,Nicollet,,271,4367,3535,5199,-1.08,,,,,,,,,,,,,,,,,,,,,14,12,16,-0.85,3.2,2.9,3.4,-0.87,3.88,3.6,4.2,-0.92,,6,5,7,0,,,,,,,8,4,11,,,,6,5,7,17,14,20,-0.71,29,27,31,-1.92,8.3,0.2,19.8,18,22,-1.16,76,-0.89,24,23,25,0,2,9,22,6,42,-0.46,113,329.7,0.33,6,4,7,-1.18,,,,,,,,,,21,11,37,4,3,6,1280,5,4,6,-1.07,30,88,1142:01:00,-0.49,26,75,1326:01:00,-0.99,92,267,375:01:00,-0.9,2972,-0.15,,,,,,54,-0.35,,,,21,55,63,-1.21,,,17,40,63,20855,22231,94,92,95,-0.46,6690,8629,78,72,83,-1.27,997,20752,4.8,-0.74,7,4,10,-1.02,,,,8,3,121646,30614,4,-0.22,1726,7494,23,17,29,0.86,35,10.2,1.1,34,101,-0.25,82,48,38,60,-1.31,,,,,,,,,,,,,,,,8.1,0.98,No,-0.44,10,8,12,9,7,11,0,0,1,1,0,1,-0.65,74,72,77,-0.97,,,,,,,,,,69,55,83,77,75,79,18754,14,11,16,-1.38
27105,Minnesota,Nobles,,222,6808,5520,8095,0.29,,,,,,,,,,,,,,,,,,,,,21,19,23,2.82,3.9,3.6,4.1,1.31,4.03,3.8,4.3,-0.35,,6,5,7,-0.23,,,,6,2,9,8,4,12,7,5,8,5,4,6,18,16,20,-0.34,39,38,40,2.28,8.2,0.34,30,28,32,3.17,58,-0.01,20,20,21,-2.48,4,11,36,20,52,0.2,121,559.4,2.11,45,39,51,3.49,,,,52,32,79,,,,82,69,95,16,11,23,2290,13,11,15,3.74,13,60,1664:01:00,0.22,15,70,1427:01:00,-0.73,29,136,738:01:00,0.22,1795,-1.03,,,,,,56,-0.67,,,,42,58,59,-0.89,,57,43,30,60,10747,13851,78,75,80,5.18,2361,5099,46,41,52,3.21,488,11602,4.2,-1.14,12,8,17,0.43,28,29,,23,7,101410,25585,4,-0.24,1781,5971,30,22,37,2.22,33,15.3,0.36,26,117,-0.08,75,69,54,86,-0.36,,,,,,,,,,,,,,,,6.9,-0.23,No,-0.44,13,11,16,11,8,13,3,2,5,1,0,1,0.84,74,71,77,-1.09,,,,,,,,,,66,60,73,82,81,84,10223,15,12,18,-1.22
27107,Minnesota,Norman,,104,7052,4773,9330,0.43,,,,,,,,,,,,,,,,,,,,,16,14,18,0.24,3.6,3.3,3.8,0.28,4.22,3.9,4.5,0.35,,9,6,11,3,,,,,,,,,,,,,,,,20,17,22,0.45,35,33,36,0.34,8.3,0.2,23.4,21,26,0.37,10,2.35,24,23,26,0.16,3,6,50,28,67,0.84,12,188.2,-0.77,17,11,25,0.12,,,,,,,,,,,,,,,,331,7,6,8,0.01,,,,0,4,63,1585:01:00,-0.38,,,,0,1900,-0.95,,,,,,44,1.26,,,,,,26,1.78,,,,,,4166,4475,93,91,95,-0.21,892,1375,65,59,71,0.55,208,3287,6.3,0.28,15,9,22,1.32,,,,13,12,106067,25565,4.1,0.17,236,1532,15,10,21,-0.67,11,17.3,0.06,1,8,-1.16,44,136,99,183,2.68,,,,,,,,,,,,,,,,6.9,-0.23,No,-0.44,9,8,11,6,5,8,3,1,4,1,0,2,-0.84,75,72,79,-0.75,,,,,,,,,,,,,,,,3042,35,31,39,0.65
27109,Minnesota,Olmsted,,1245,4895,4493,5298,-0.78,,,,,,,,,9950,7925,12335,,,,,,4666,4229,5103,,12,11,14,-1.6,2.9,2.7,3.2,-1.73,3.59,3.3,3.9,-2.01,,6,6,6,-0.27,,,,9,7,11,8,7,9,6,5,8,5,5,6,14,11,16,-2.12,30,29,31,-1.59,9.3,-1.25,18.2,16,20,-1.84,86,-1.4,22,21,22,-1.72,7,54,13,7,20,-0.89,594,375.3,0.68,11,10,12,-0.57,,,,10,6,14,17,13,21,25,19,33,9,7,10,7185,5,5,6,-0.74,384,243,412:01:00,-4.47,200,126,796:01:00,-3.49,723,454,220:01:00,-2.5,2716,-0.34,,555,2260,,2707,57,-0.83,,40,24,34,58,62,-1.13,27,54,39,50,63,100015,105835,95,94,95,-0.7,35118,43269,81,78,84,-1.79,4937,91030,5.4,-0.33,7,4,9,-1.13,,4,46,14,4,149700,36731,4.1,0.01,7204,38294,19,15,22,0.02,170,10.7,1.02,251,165,0.39,474,61,55,66,-0.74,,,,,,,70,50,96,35,19,59,66,60,72,8.7,1.59,No,-0.44,12,11,13,10,9,11,2,2,3,1,0,1,0.35,71,70,73,-1.79,,,,55,49,61,60,50,70,69,62,77,76,74,77,82718,13,11,14,-1.47
27111,Minnesota,Otter Tail,,693,6291,5488,7093,0,,,,,,,,,,,,,,,,,,,,,14,12,17,-0.41,3.4,3.1,3.6,-0.27,4.08,3.7,4.4,-0.16,,6,5,6,-0.42,,,,,,,,,,9,6,13,6,5,6,17,14,19,-0.88,35,34,37,0.72,8.5,-0.09,22.1,20,25,-0.18,42,0.76,26,25,27,1.26,8,25,32,21,43,0,127,216.2,-0.55,15,13,18,-0.05,,,,,,,,,,30,18,47,15,12,17,2979,7,6,8,0.07,35,60,1678:01:00,0.23,43,73,1366:01:00,-0.88,83,141,708:01:00,0.17,2722,-0.34,16694,,,,2727,55,-0.51,,,,42,55,52,-0.32,52,42,27,23,52,38389,41675,92,91,93,0.13,8642,11548,75,71,79,-0.88,1698,31488,5.4,-0.35,10,6,15,-0.15,,,67,33,7,109468,26150,4.2,0.25,2328,12657,18,15,22,-0.07,117,19.9,-0.33,57,99,-0.26,221,75,66,85,-0.06,,,,,,,,,,,,,,,,7,-0.13,Yes,2.27,12,11,14,10,9,11,2,1,2,1,1,2,0.34,77,76,79,-0.18,,,,,,,,,,71,61,80,78,76,80,28017,26,24,28,-0.2
27113,Minnesota,Pennington,,152,6299,4747,7850,0.01,,,,,,,,,,,,,,,,,,,,,15,13,17,-0.16,3.5,3.3,3.7,0.11,4.19,3.9,4.4,0.26,,5,4,7,-0.99,,,,,,,,,,,,,,,,19,16,22,-0.01,34,32,35,0.06,8.5,-0.09,23.3,21,26,0.33,33,1.22,25,24,27,0.83,1,10,10,1,30,-1.03,46,325.8,0.3,21,16,27,0.64,,,,,,,,,,,,,,,,570,5,4,6,-0.96,10,71,1412:01:00,-0.06,9,65,1542:01:00,-0.47,40,288,347:01:00,-1.09,1975,-0.9,,,,,,51,0.13,,,,,,54,-0.48,58,,,,55,9119,9678,94,93,95,-0.61,2360,3476,68,60,76,0.11,533,8663,6.2,0.16,9,5,12,-0.6,18,,,6,19,110258,28240,3.9,-0.37,736,3267,23,15,30,0.76,20,14.2,0.52,15,105,-0.2,60,85,65,109,0.36,,,,,,,,,,,,,,,,6.9,-0.23,No,-0.44,10,8,13,8,6,11,1,0,2,1,0,2,-0.5,85,82,87,1.75,,,,,,,,,,,,,,,,7326,8,6,11,-1.88
27115,Minnesota,Pine,,426,7219,5986,8452,0.52,,,,,,,,,,,,,,,,,,,,,17,15,20,1.08,3.8,3.5,4,1.01,4.35,4.1,4.6,0.84,,7,6,8,0.62,,,,,,,,,,,,,,,,23,20,26,1.65,33,31,34,-0.4,8.3,0.2,26.5,24,29,1.69,45,0.62,24,23,25,-0.24,11,32,34,25,44,0.11,78,263.7,-0.19,20,16,24,0.56,43,21,79,,,,,,,,,,19,15,24,1847,9,8,10,1.12,7,24,4226:01:00,1.16,11,37,2669:01:00,0.9,53,181,554:01:00,-0.17,5463,1.7,,,,,,43,1.42,,,,,,32,1.3,17,,,,32,19606,21500,91,90,92,0.45,3942,6699,59,54,63,1.41,1255,14581,8.6,1.81,13,7,18,0.54,34,,8,14,11,100956,23553,4.3,0.47,923,5724,16,13,19,-0.52,41,13.9,0.56,77,266,1.38,134,91,76,107,0.66,,,,,,,,,,,,,,,,6.7,-0.43,Yes,2.27,15,13,16,12,11,14,2,1,2,2,1,3,1.36,77,76,78,-0.31,,,,,,,,,,,,,,,,12600,42,39,45,1.37
27117,Minnesota,Pipestone,,107,5784,3980,7588,-0.28,,,,,,,,,,,,,,,,,,,,,17,14,19,0.78,3.7,3.4,3.9,0.6,4.26,4,4.6,0.51,,7,5,8,0.72,,,,,,,,,,,,,,,,20,17,22,0.28,34,33,36,0.22,8.1,0.48,24,21,27,0.62,59,-0.09,23,22,24,-0.99,3,5,60,38,75,1.31,15,164.4,-0.96,18,13,25,0.31,,,,,,,,,,,,,,,,704,10,8,11,1.9,5,55,1825:01:00,0.36,3,33,3040:01:00,1.13,12,132,760:01:00,0.25,1708,-1.09,,,,,,44,1.26,,,,,,57,-0.73,,,,,,5608,6218,90,88,92,0.8,1151,1907,60,53,68,1.19,189,4670,4,-1.25,13,7,18,0.51,,,84,14,5,101238,24137,4.2,0.27,331,2353,14,9,20,-0.93,21,23,-0.78,3,33,-0.91,25,55,35,81,-1,,,,,,,,,,,,,,,,6.3,-0.84,No,-0.44,12,9,14,8,6,10,2,1,3,2,1,3,0.12,79,75,82,0.15,,,,,,,,,,,,,,,,4208,21,17,25,-0.67
27119,Minnesota,Polk,,423,6251,5309,7192,-0.02,,,,,,,,,,,,,,,,,,,,,15,13,18,0.04,3.5,3.2,3.7,0.11,4.12,3.8,4.4,-0.03,,6,5,6,-0.64,,,,,,,,,,8,5,12,5,5,6,19,17,23,0.24,34,33,36,0.14,8.1,0.48,21.3,19,24,-0.52,61,-0.17,26,25,27,1.34,8,20,40,28,51,0.37,66,210.4,-0.6,15,12,18,-0.06,,,,,,,,,,50,34,70,12,9,15,1376,6,5,6,-0.66,16,51,1960:01:00,0.45,16,52,1931:01:00,0.19,80,259,386:01:00,-0.84,2225,-0.71,7211,,,1251,2048,55,-0.51,33,,,38,56,57,-0.73,60,,20,46,58,19670,21109,93,92,94,-0.24,5155,7333,70,65,76,-0.23,918,16403,5.6,-0.21,12,7,17,0.38,10,,50,43,10,109717,21633,5.1,2.2,1682,7597,22,17,27,0.68,67,21.4,-0.54,61,193,0.67,100,64,51,76,-0.6,,,,,,,,,,,,,,,,7.6,0.48,No,-0.44,14,12,16,12,10,14,1,1,2,1,0,1,1.04,79,76,81,0.12,,,,,,,,,,75,64,86,78,74,81,15020,20,18,22,-0.77
27121,Minnesota,Pope,,131,6821,4848,8794,0.3,,,,,,,,,,,,,,,,,,,,,14,12,16,-0.61,3.3,3,3.5,-0.52,4.07,3.7,4.4,-0.22,,7,5,9,0.93,,,,,,,,,,,,,,,,18,15,21,-0.3,34,33,36,0.26,9,-0.81,20.8,18,23,-0.73,44,0.66,26,24,27,1,0,2,0,0,51,-1.5,11,97.8,-1.47,11,7,17,-0.5,,,,,,,,,,,,,,,,530,6,5,7,-0.23,15,133,750:01:00,-1.66,3,27,3759:01:00,1.44,13,115,867:01:00,0.39,2762,-0.31,,,,,,54,-0.35,,,,,,25,1.87,,,,,,7647,8158,94,92,95,-0.44,1769,2429,73,66,80,-0.59,290,6512,4.5,-0.98,8,5,12,-0.66,,,,,,116106,27016,4.3,0.5,283,2271,12,9,16,-1.25,29,25.8,-1.19,8,73,-0.52,39,70,50,96,-0.31,,,,,,,,,,,,,,,,6.8,-0.33,No,-0.44,11,8,13,9,6,11,1,0,2,1,0,1,-0.35,81,78,83,0.7,,,,,,,,,,,,,,,,5697,26,23,30,-0.15
27123,Minnesota,Ramsey,,5628,6247,6012,6481,-0.02,21196,16348,26044,,6418,5820,7015,,10956,10119,11793,,5188,4422,5954,,5207,4938,5476,,15,13,17,-0.16,3.2,3,3.5,-0.66,3.74,3.5,4,-1.44,,8,8,8,1.76,7,5,10,8,7,8,11,10,11,7,6,8,7,6,7,15,13,18,-1.45,31,30,32,-1.14,8.4,0.05,19.1,17,21,-1.46,100,-2.07,20,19,20,-3.09,29,90,32,27,38,0.01,3477,631.8,2.67,16,16,17,0.08,18,11,28,25,23,27,32,29,34,27,24,30,6,5,6,31455,7,6,8,0.14,599,109,919:01:00,-1.03,493,90,1111:01:00,-1.72,2537,463,216:01:00,-2.58,2964,-0.16,7426,2376,5519,3089,2777,49,0.45,22,29,35,37,51,60,-0.97,45,49,41,44,62,332939,365938,91,91,91,0.52,116958,159356,73,72,75,-0.68,20064,290181,6.9,0.67,16,13,20,1.6,71,29,39,26,5,133510,29525,4.5,0.99,30808,126803,24,23,26,1.11,644,11.7,0.88,2275,423,2.92,2057,75,72,78,-0.08,232,170,308,33,27,38,89,79,98,50,40,60,84,79,88,8.9,1.79,No,-0.44,18,17,18,14,13,14,4,4,5,1,1,1,2.58,70,69,71,-2.08,71,63,78,67,64,69,68,65,72,65,62,67,79,78,79,276866,30,29,31,0.19
27125,Minnesota,Red Lake,x,,,,,0,,,,,,,,,,,,,,,,,,,,,16,14,18,0.19,3.6,3.3,3.8,0.31,4.24,4,4.5,0.43,x,7,5,10,1.49,,,,,,,,,,,,,,,,20,17,23,0.53,33,32,35,-0.23,6.4,2.94,23.5,21,26,0.41,49,0.43,24,23,25,-0.36,1,1,100,,,3,9,221.9,-0.51,22,14,35,0.81,,,,,,,,,,,,,,,,204,6,5,8,-0.12,,,,0,,,,0,,,,0,1434,-1.3,,,,,,57,-0.83,,,,,,52,-0.32,,,,,,2639,2806,94,92,96,-0.54,657,913,72,63,81,-0.47,143,2230,6.4,0.34,9,5,13,-0.46,76,,,23,9,110449,23759,4.6,1.27,197,981,20,13,27,0.27,9,22.2,-0.66,1,12,-1.11,17,84,49,135,0.34,,,,,,,,,,,,,,,,6.8,-0.33,No,-0.44,8,5,10,6,4,9,2,1,3,0,0,1,-1.52,77,73,81,-0.27,,,,,,,,,,,,,,,,1920,33,28,38,0.49
27127,Minnesota,Redwood,,177,5600,4224,6976,-0.39,,,,,,,,,,,,,,,,,,,,,16,14,18,0.49,3.6,3.4,3.9,0.47,4.28,4,4.5,0.58,,7,6,9,1.37,,,,,,,,,,,,,,,,20,17,22,0.41,32,30,33,-0.85,8.1,0.48,23.6,21,26,0.45,42,0.75,24,23,26,0.2,1,16,6,0,21,-1.21,24,158.2,-1,11,8,16,-0.52,,,,,,,,,,,,,,,,973,8,7,10,0.95,6,40,2528:01:00,0.75,6,40,2513:01:00,0.78,8,53,1885:01:00,0.92,1699,-1.1,,,,,,50,0.29,,,,,,40,0.65,,,,,,9516,10298,92,91,94,0.03,2078,3164,66,60,71,0.43,430,7782,5.5,-0.26,11,6,15,-0.02,18,45,,11,7,102522,24950,4.1,0.08,652,3767,17,13,22,-0.28,37,24.4,-0.98,19,119,-0.06,61,80,61,103,0.15,,,,,,,,,,,,,,,,6.9,-0.23,No,-0.44,8,7,10,7,6,9,1,0,1,0,0,1,-1.36,77,75,79,-0.26,87,79,95,,,,,,,,,,78,75,80,7382,21,18,23,-0.71
27129,Minnesota,Renville,,181,6272,4695,7849,-0.01,,,,,,,,,,,,,,,,,,,,,16,15,18,0.53,3.6,3.3,3.8,0.32,4.17,3.9,4.4,0.15,,8,7,10,2.3,,,,,,,,,,11,7,15,8,6,10,19,17,22,0.2,34,32,35,0.01,8.3,0.2,23.8,22,26,0.54,36,1.04,24,23,25,-0.17,2,14,14,3,31,-0.83,36,247.5,-0.31,27,21,33,1.33,,,,,,,,,,79,56,109,15,11,21,837,7,6,8,0.43,4,27,3637:01:00,1.06,10,69,1440:01:00,-0.69,3,21,4801:01:00,1.19,2860,-0.24,,,,,,56,-0.67,27,,,,57,33,1.22,,,,26,33,9217,10192,90,89,92,0.71,1866,3069,61,56,66,1.13,476,8598,5.5,-0.25,11,6,16,0.12,57,,,22,7,102482,25279,4.1,-0.04,534,3345,16,13,19,-0.55,41,28.2,-1.54,17,114,-0.11,59,81,62,104,0.18,,,,,,,,,,,,,,,,7,-0.13,Yes,2.27,9,8,11,8,7,10,1,0,2,0,0,1,-0.83,82,79,84,0.92,,,,,,,,,,,,,,,,6963,25,22,28,-0.29
27131,Minnesota,Rice,,603,5121,4476,5766,-0.66,,,,,,,,,,,,,,,,,,,,,15,13,17,-0.11,3.3,3.1,3.6,-0.4,3.94,3.7,4.2,-0.71,,6,5,7,-0.32,,,,,,,6,4,7,6,4,7,6,5,7,17,15,20,-0.63,33,31,34,-0.48,8.9,-0.67,21.4,19,24,-0.48,79,-1.07,24,23,25,-0.39,7,22,32,20,43,-0.01,202,301.6,0.11,8,7,9,-0.93,,,,,,,17,10,26,26,19,33,5,4,6,3647,7,6,8,0.4,63,94,1063:01:00,-0.65,36,54,1863:01:00,0.09,123,183,545:01:00,-0.19,4138,0.71,,,,,,46,0.93,,25,,36,47,58,-0.81,,42,33,40,59,38776,42383,91,91,92,0.35,9326,15566,60,55,64,1.26,1951,37193,5.2,-0.45,9,6,12,-0.49,,1,56,40,8,125765,30947,4.1,-0.02,2631,14442,18,14,23,-0.1,71,10.6,1.04,101,154,0.27,207,62,54,71,-0.66,,,,,,,,,,,,,,,,8.7,1.59,Yes,2.27,13,11,14,11,9,13,2,1,3,0,0,1,0.49,72,70,74,-1.61,,,,42,28,57,66,47,86,64,55,74,72,69,74,32484,32,29,35,0.38
27133,Minnesota,Rock,,126,7626,5406,9846,0.75,,,,,,,,,,,,,,,,,,,,,14,12,17,-0.46,3.3,3.1,3.6,-0.34,4.08,3.8,4.4,-0.16,,7,5,8,0.55,,,,,,,,,,,,,,,,19,16,22,-0.09,33,31,35,-0.36,9,-0.81,20.8,18,23,-0.73,48,0.46,24,23,25,0.05,2,8,25,7,46,-0.33,18,193.2,-0.73,11,7,16,-0.61,,,,,,,,,,,,,,,,403,6,5,6,-0.67,10,107,932:01:00,-0.99,4,43,2325:01:00,0.62,18,194,517:01:00,-0.28,2498,-0.51,,,,,,55,-0.51,,,,,,59,-0.89,,,,,,6014,6462,93,92,95,-0.2,1646,2167,76,68,84,-1.04,176,5808,3,-1.93,11,6,15,-0.02,,,,20,10,116389,25388,4.6,1.13,296,2278,13,8,18,-1.15,19,20.4,-0.4,71,744,3,43,91,66,123,0.65,,,,,,,,,,,,,,,,6.5,-0.64,No,-0.44,10,7,12,7,5,9,2,1,3,1,0,1,-0.72,83,80,86,1.41,,,,,,,,,,,,,,,,4798,32,27,37,0.36
27135,Minnesota,Roseau,,185,7575,5838,9311,0.72,,,,,,,,,,,,,,,,,,,,,15,13,17,-0.36,3.4,3.1,3.6,-0.3,4.12,3.8,4.4,-0.03,,6,4,7,-0.43,,,,,,,,,,,,,,,,20,17,22,0.28,34,32,36,0.18,8.4,0.05,23,20,25,0.2,40,0.86,27,26,28,2.05,1,6,17,1,43,-0.72,17,112.1,-1.36,13,9,17,-0.34,,,,,,,,,,,,,,,,804,7,6,8,-0.08,10,66,1517:01:00,0.07,8,53,1890:01:00,0.13,6,40,2520:01:00,1.03,2220,-0.71,,,,,,58,-0.99,,,,,,58,-0.81,,42,,,58,9498,10375,92,90,93,0.33,2083,3279,64,58,69,0.74,455,7917,5.7,-0.11,9,5,13,-0.46,7,13,,22,12,105594,30811,3.4,-1.42,788,3681,21,16,27,0.53,24,15.8,0.27,2,10,-1.14,53,69,52,91,-0.34,,,,,,,,,,,,,,,,7.4,0.27,No,-0.44,10,8,12,7,5,8,2,1,3,1,0,3,-0.61,75,73,76,-0.9,,,,,,,,,,,,,,,,7812,16,13,19,-1.14
27137,Minnesota,St. Louis,,2686,7266,6814,7717,0.55,18942,14224,23659,,,,,,14666,10738,19563,,,,,,6887,6429,7345,,15,13,18,0.04,3.5,3.2,3.8,0.05,4.17,3.8,4.5,0.18,,7,7,7,0.9,8,6,11,9,5,13,12,9,15,5,3,8,7,6,7,20,17,23,0.28,34,33,36,0.26,7.9,0.77,21.1,19,24,-0.61,74,-0.82,24,23,25,-0.17,33,82,40,35,46,0.38,781,392.3,0.81,12,11,13,-0.4,37,28,49,,,,34,25,46,19,12,28,11,10,12,8005,5,5,6,-0.86,260,131,766:01:00,-1.59,187,94,1062:01:00,-1.93,596,300,333:01:00,-1.19,5254,1.54,7140,,939,,5167,44,1.26,21,43,19,13,45,47,0.08,50,40,41,34,47,128913,136467,94,94,95,-0.69,35046,45462,77,74,80,-1.21,7286,101110,7.2,0.87,12,7,16,0.24,46,46,38,18,12,110111,23863,4.6,1.19,8112,37407,22,19,24,0.59,303,15.2,0.36,479,239,1.11,893,90,84,95,0.57,213,159,279,,,,112,72,166,,,,88,82,94,5.6,-1.55,No,-0.44,13,13,14,11,10,12,2,1,2,2,1,2,0.84,80,79,81,0.45,60,51,68,74,64,84,63,49,76,81,72,89,81,80,82,96144,20,19,21,-0.74
27139,Minnesota,Scott,,923,3893,3537,4249,-1.35,,,,,,,,,5577,3906,7721,,,,,,3750,3360,4140,,12,10,14,-1.6,2.8,2.6,3.1,-1.95,3.57,3.3,3.8,-2.09,,6,6,7,-0.06,,,,9,8,11,8,7,10,6,4,7,6,5,6,14,11,16,-2.12,29,28,31,-1.84,9.6,-1.68,18.7,17,21,-1.62,91,-1.62,24,24,25,0.13,10,41,24,16,33,-0.36,450,302,0.11,6,5,7,-1.16,,,,,,,14,9,19,26,20,33,4,3,4,6168,5,4,5,-1.2,77,52,1935:01:00,0.44,66,44,2283:01:00,0.58,165,109,913:01:00,0.44,2771,-0.3,,,3525,,2714,51,0.13,,52,22,30,52,59,-0.89,23,54,39,50,59,90590,95307,95,94,96,-0.89,30886,39545,78,74,82,-1.35,4957,83897,5.9,0,5,3,7,-1.6,4,9,39,18,4,178629,48563,3.7,-0.87,5497,40335,14,11,16,-1.02,100,6.7,1.61,141,99,-0.26,365,50,44,55,-1.24,,,,,,,36,20,61,,,,54,48,60,8.1,0.98,Yes,2.27,11,10,12,8,7,9,3,2,3,0,0,1,-0.2,81,79,82,0.65,,,,67,64,69,79,76,82,66,56,76,79,77,81,80845,41,39,43,1.25
27141,Minnesota,Sherburne,,831,4990,4497,5483,-0.73,,,,,,,,,,,,,,,,,,,,,13,11,15,-1,3.1,2.9,3.4,-1.08,3.9,3.6,4.2,-0.86,,6,5,6,-0.33,,,,,,,7,5,9,,,,6,5,6,16,14,19,-1.04,35,33,36,0.34,9.4,-1.39,21.6,19,24,-0.39,75,-0.86,24,23,25,-0.12,14,56,25,18,32,-0.33,265,272.5,-0.12,8,7,9,-0.89,,,,,,,23,15,36,14,7,25,7,6,8,3517,4,4,5,-1.49,37,38,2628:01:00,0.79,42,43,2353:01:00,0.65,193,195,512:01:00,-0.29,2528,-0.48,,,,9349,2482,50,0.29,,,,,,55,-0.57,,,34,36,55,59192,62908,94,93,95,-0.56,18835,26548,71,66,76,-0.33,3187,52434,6.1,0.11,5,3,7,-1.52,71,9,34,25,2,141477,42864,3.3,-1.7,4536,25325,18,13,23,-0.16,75,7.7,1.46,95,104,-0.21,293,61,54,68,-0.72,,,,,,,,,,,,,,,,7.6,0.48,No,-0.44,10,9,11,8,7,10,2,1,2,1,0,1,-0.61,81,79,83,0.86,,,,,,,,,,,,,,,,51230,52,48,55,2.24
27143,Minnesota,Sibley,,132,5611,4141,7081,-0.38,,,,,,,,,,,,,,,,,,,,,16,14,18,0.29,3.5,3.2,3.7,0.02,4.11,3.8,4.3,-0.07,,5,4,7,-0.96,,,,,,,,,,,,,,,,19,16,21,0.03,34,33,36,0.26,9.4,-1.39,23.3,21,26,0.33,44,0.68,25,24,26,0.59,1,9,11,1,33,-0.98,24,161.5,-0.98,10,7,14,-0.69,,,,,,,,,,32,17,53,7,4,11,922,8,7,9,0.61,2,13,7433:01:00,1.42,6,41,2453:01:00,0.73,6,41,2453:01:00,1.02,7267,3,,,,,,45,1.09,,,,,,36,0.97,,,,26,36,9544,10352,92,91,94,0.1,2209,3464,64,59,69,0.7,461,8373,5.5,-0.27,9,5,13,-0.38,,,,26,5,113489,31039,3.7,-0.92,318,3487,9,6,12,-1.92,25,16.8,0.13,8,54,-0.71,48,65,48,86,-0.56,,,,,,,,,,,,,,,,7.4,0.27,No,-0.44,9,8,11,8,6,9,1,1,2,0,0,1,-0.88,83,80,85,1.21,,,,,,,,,,,,,,,,7835,39,36,42,1.02
27145,Minnesota,Stearns,,1455,5674,5241,6107,-0.35,,,,,,,,,8490,6722,10582,,,,,,5357,4899,5815,,15,13,17,-0.11,3.4,3.2,3.7,-0.04,4.11,3.8,4.4,-0.05,,6,6,7,0.21,,,,7,4,11,7,6,8,9,7,11,6,6,6,18,15,21,-0.42,34,33,36,0.26,8.4,0.05,23.5,21,26,0.41,65,-0.36,28,27,28,2.23,15,54,28,21,35,-0.2,754,468.1,1.4,9,8,10,-0.79,,,,,,,22,17,27,39,31,48,6,5,7,8634,7,6,7,-0.03,160,99,1007:01:00,-0.79,125,77,1296:01:00,-1.08,574,354,282:01:00,-1.65,2751,-0.32,1657,,4868,,2698,59,-1.15,,40,30,41,60,48,0,56,49,29,36,49,91136,99167,92,91,93,0.2,27187,37820,72,69,75,-0.46,5213,90863,5.7,-0.12,11,7,15,0.1,,12,57,23,7,118419,28451,4.2,0.2,7151,37000,19,16,22,0.12,228,14.2,0.52,307,199,0.72,507,64,58,69,-0.6,423,203,779,,,,67,47,91,40,20,71,64,58,70,6.5,-0.64,Yes,2.27,13,12,14,10,9,11,3,2,3,0,0,1,0.57,79,77,80,0.14,,,,65,54,75,66,58,74,73,67,78,82,81,83,83692,22,21,23,-0.56
27147,Minnesota,Steele,,346,5005,4184,5825,-0.72,,,,,,,,,,,,,,,,,,,,,15,13,17,-0.21,3.4,3.1,3.6,-0.33,4,3.7,4.3,-0.49,,6,5,7,0.11,,,,,,,5,2,7,7,4,9,6,5,7,18,15,21,-0.38,37,36,39,1.42,8.9,-0.67,21.5,19,24,-0.44,62,-0.23,25,24,26,0.61,4,15,27,13,41,-0.25,128,349.3,0.48,18,15,21,0.27,,,,,,,,,,46,34,61,14,11,17,1630,6,5,6,-0.69,23,63,1593:01:00,0.15,31,85,1181:01:00,-1.46,93,254,394:01:00,-0.8,2118,-0.79,,,,,,55,-0.51,,,,50,56,59,-0.89,,,7,48,60,22892,24704,93,91,94,-0.06,5831,8643,67,62,73,0.17,1112,20330,5.5,-0.3,10,6,13,-0.32,,,43,16,5,119977,29988,4,-0.16,1059,9194,12,8,15,-1.44,57,15.6,0.31,46,126,0,115,63,51,74,-0.65,,,,,,,,,,,,,,,,8.4,1.29,Yes,2.27,12,10,15,10,8,12,2,1,3,2,1,3,0.43,84,83,86,1.69,,,,,,,,,,77,65,89,85,83,87,18357,18,15,20,-1
27149,Minnesota,Stevens,,82,5253,3736,7182,-0.58,,,,,,,,,,,,,,,,,,,,,15,13,17,-0.26,3.3,3.1,3.6,-0.36,3.94,3.6,4.2,-0.71,,5,3,6,-1.56,,,,,,,,,,,,,,,,17,14,20,-0.63,38,36,40,1.79,9.1,-0.96,22.1,20,25,-0.18,71,-0.65,24,23,25,-0.11,1,6,17,1,43,-0.72,16,163.2,-0.96,5,3,8,-1.22,,,,,,,,,,,,,,,,420,6,5,7,-0.54,8,82,1226:01:00,-0.33,9,92,1085:01:00,-1.83,17,174,574:01:00,-0.11,5568,1.78,,,,,,57,-0.83,,,,,,54,-0.48,,,,,,5579,5884,95,93,97,-0.81,1742,2201,79,71,87,-1.5,177,5446,3.3,-1.78,8,5,12,-0.71,,,3,14,6,117163,25871,4.5,1.01,192,2067,9,6,13,-1.89,24,24.5,-1,15,148,0.22,23,47,30,71,-1.35,,,,,,,,,,,,,,,,6.9,-0.23,No,-0.44,14,10,18,13,9,16,1,1,2,0,0,1,1.01,74,69,79,-1.08,,,,,,,,,,42,22,62,82,79,85,5189,6,4,9,-2.06
27151,Minnesota,Swift,,136,8093,5878,10309,1.02,,,,,,,,,,,,,,,,,,,,,17,15,19,0.78,3.7,3.4,4,0.72,4.29,4,4.6,0.64,,6,5,8,0.07,,,,,,,,,,,,,,,,21,18,24,0.78,36,34,38,0.96,8.1,0.48,23.9,22,27,0.58,35,1.12,25,23,26,0.23,10,14,71,63,78,1.84,29,313,0.2,17,11,24,0.14,,,,,,,,,,,,,,,,538,8,7,9,0.54,4,43,2317:01:00,0.65,4,44,2294:01:00,0.59,8,87,1147:01:00,0.63,2139,-0.77,,,,,,49,0.45,,,,,,33,1.22,,,,,,5961,6547,91,90,93,0.5,1402,2041,69,60,77,0,282,4881,5.8,-0.09,12,7,16,0.24,,,49,62,6,105216,21798,4.8,1.66,511,2115,24,18,31,1.09,19,20.5,-0.41,8,85,-0.4,47,101,74,134,1.09,,,,,,,,,,,,,,,,6.9,-0.23,No,-0.44,8,6,10,7,5,9,1,0,2,1,0,1,-1.28,79,76,82,0.17,,,,,,,,,,,,,,,,4560,28,24,32,0
27153,Minnesota,Todd,,260,6648,5320,7976,0.2,,,,,,,,,,,,,,,,,,,,,18,16,20,1.13,3.8,3.5,4,0.95,4.35,4,4.6,0.85,,5,4,6,-1.1,,,,,,,,,,6,3,8,5,4,6,20,18,23,0.65,36,35,38,1.04,7.9,0.77,26,24,28,1.47,31,1.29,24,22,25,-0.39,3,12,25,10,42,-0.33,77,312.2,0.19,23,18,27,0.83,,,,,,,,,,47,30,70,20,16,25,1669,9,8,10,1.29,21,85,1174:01:00,-0.42,11,44,2248:01:00,0.55,11,44,2248:01:00,0.99,4386,0.9,,,,,,58,-0.99,,,,,,23,2.03,,,,20,23,14890,17027,87,86,89,1.75,2809,4996,56,52,60,1.79,729,13786,5.3,-0.42,16,11,21,1.46,,,21,17,20,97414,24783,3.9,-0.31,878,5841,15,12,18,-0.74,52,21.1,-0.5,26,105,-0.2,97,79,64,96,0.1,,,,,,,,,,,,,,,,6.8,-0.33,No,-0.44,14,12,15,9,8,11,4,3,5,3,2,3,0.95,77,75,80,-0.21,,,,,,,,,,64,48,80,74,71,76,10728,33,30,36,0.48
27155,Minnesota,Traverse,x,,,,,0,,,,,,,,,,,,,,,,,,,,,15,13,17,-0.06,3.5,3.3,3.7,0.11,4.16,3.9,4.4,0.15,x,5,2,8,-1.17,,,,,,,,,,,,,,,,20,17,22,0.36,31,30,33,-0.98,8.6,-0.24,21.7,20,24,-0.35,46,0.58,24,23,25,-0.31,,,,,,0,15,460.3,1.34,,,,0,,,,,,,,,,,,,,,,207,9,7,10,1.15,,,,0,1,31,3218:01:00,1.22,,,,0,3083,-0.07,,,,,,57,-0.83,,,,,,15,2.68,,,,,,2276,2419,94,92,97,-0.56,492,720,68,58,79,0.05,77,1753,4.4,-1.02,18,10,26,2.1,23,,,,3,100714,24355,4.1,0.14,151,654,23,12,34,0.87,7,21.5,-0.56,6,162,0.36,18,109,65,173,1.47,,,,,,,,,,,,,,,,6.8,-0.33,No,-0.44,10,7,14,9,5,12,1,0,3,1,0,3,-0.42,73,68,78,-1.39,,,,,,,,,,,,,,,,1636,23,17,29,-0.5
27157,Minnesota,Wabasha,,224,5232,4002,6463,-0.6,,,,,,,,,,,,,,,,,,,,,14,13,17,-0.46,3.3,3,3.6,-0.5,4.06,3.7,4.4,-0.23,,5,4,6,-1.35,,,,,,,,,,,,,,,,19,15,21,-0.13,34,32,35,0.01,9.1,-0.96,22.3,20,25,-0.1,87,-1.43,27,25,28,1.66,7,18,39,26,51,0.32,42,194.2,-0.72,14,11,18,-0.2,,,,,,,,,,53,27,95,12,9,16,1031,6,5,7,-0.29,19,88,1138:01:00,-0.49,17,79,1273:01:00,-1.15,6,28,3607:01:00,1.14,2649,-0.39,,,,,,51,0.13,,,,,,46,0.16,,,,,,14558,15522,94,93,95,-0.45,3350,4654,72,66,78,-0.47,659,12439,5.3,-0.41,7,4,10,-0.96,,,,35,7,119996,29473,4.1,0,790,4643,17,12,22,-0.34,41,19,-0.19,18,82,-0.43,71,66,51,83,-0.5,,,,,,,,,,,,,,,,8.5,1.39,No,-0.44,9,8,11,8,7,10,1,0,1,1,1,2,-0.88,77,74,79,-0.38,,,,,,,,,,,,,,,,11161,40,36,43,1.11
27159,Minnesota,Wadena,,185,7375,5684,9065,0.61,,,,,,,,,,,,,,,,,,,,,18,16,20,1.18,3.9,3.7,4.2,1.46,4.56,4.3,4.8,1.65,,7,5,8,0.72,,,,,,,,,,,,,,,,23,19,26,1.52,38,36,39,1.58,8.1,0.48,24.2,22,27,0.71,14,2.16,24,22,25,-0.38,1,8,13,1,35,-0.91,55,402,0.89,27,21,33,1.33,,,,,,,,,,,,,,,,705,7,6,8,0.01,8,58,1710:01:00,0.26,10,72,1381:01:00,-0.84,48,348,288:01:00,-1.59,3625,0.33,,,,,,53,-0.19,,,,,,26,1.78,,,,,,8471,9269,91,90,93,0.38,2035,2951,69,61,77,-0.04,460,6024,7.6,1.16,14,8,20,0.9,,,,2,20,88000,21990,4,-0.15,795,3493,23,15,31,0.81,29,21.2,-0.52,11,79,-0.45,74,108,85,135,1.4,,,,,,,,,,,,,,,,6.5,-0.64,No,-0.44,13,11,15,10,8,12,3,2,4,1,0,1,0.69,76,73,80,-0.5,,,,,,,,,,,,,,,,5890,26,22,30,-0.17
27161,Minnesota,Waseca,,188,4894,3750,6037,-0.79,,,,,,,,,,,,,,,,,,,,,16,14,18,0.19,3.5,3.3,3.8,0.17,4.19,3.9,4.5,0.25,,6,5,7,-0.13,,,,,,,,,,,,,,,,19,16,22,0.24,39,37,41,2.2,8,0.63,23,21,25,0.2,71,-0.68,25,24,26,0.35,1,7,14,1,39,-0.83,56,300.9,0.1,13,10,17,-0.35,,,,,,,,,,32,16,57,11,8,15,835,6,5,7,-0.5,6,32,3102:01:00,0.94,10,54,1855:01:00,0.08,7,38,2650:01:00,1.05,1542,-1.22,,,,,,58,-0.99,,,,,,57,-0.73,,,,38,57,12048,12923,93,91,95,-0.26,3067,4738,65,58,71,0.57,566,9081,6.2,0.22,9,5,13,-0.35,,7,,26,5,111406,26115,4.3,0.43,765,4357,18,12,23,-0.23,31,16.7,0.15,17,89,-0.36,65,69,54,89,-0.34,,,,,,,,,,,,,,,,8.2,1.09,No,-0.44,13,10,15,11,8,14,1,0,2,1,0,2,0.53,81,78,84,0.71,,,,,,,,,,,,,,,,9342,26,23,30,-0.18
27163,Minnesota,Washington,,2081,4526,4221,4832,-0.99,,,,,3063,2207,4140,,4990,3779,6465,,3136,2131,4451,,4632,4286,4978,,11,10,13,-1.94,2.7,2.5,2.9,-2.32,3.47,3.2,3.7,-2.49,,6,6,7,0.15,,,,8,7,9,10,8,12,7,5,8,6,5,6,13,11,15,-2.41,29,28,30,-2.01,9.3,-1.25,16,14,18,-2.77,90,-1.6,25,25,26,0.85,12,48,25,18,33,-0.33,761,290,0.02,6,5,7,-1.15,,,,4,2,6,13,9,17,15,12,20,5,4,6,8961,4,4,5,-1.55,279,106,941:01:00,-0.97,202,76,1314:01:00,-1.03,768,289,346:01:00,-1.1,3101,-0.06,,,1281,4628,3051,51,0.13,,35,18,38,52,61,-1.05,27,52,33,48,62,168295,175239,96,96,96,-1.24,51959,64345,81,78,83,-1.73,8074,143583,5.6,-0.19,4,3,6,-1.77,21,6,13,7,3,173118,48376,3.6,-1.09,10127,63357,16,14,18,-0.55,209,8,1.43,237,94,-0.31,701,54,50,58,-1.04,,,,21,12,33,31,19,47,20,10,35,60,55,64,8.4,1.29,No,-0.44,10,9,10,8,8,9,1,1,2,1,0,1,-0.71,80,79,81,0.54,,,,66,64,69,66,56,75,74,67,80,79,78,80,133617,39,38,41,1.08
27165,Minnesota,Watonwan,,125,7090,5156,9023,0.45,,,,,,,,,,,,,,,,,,,,,20,17,22,2.22,3.8,3.5,4,0.97,4.07,3.8,4.3,-0.19,,6,4,7,-0.62,,,,,,,,,,6,4,8,5,4,7,19,17,22,0.24,35,33,36,0.47,9,-0.81,27.2,25,30,1.98,64,-0.32,21,20,22,-2.02,4,6,67,49,78,1.62,42,385.4,0.76,37,30,46,2.6,,,,,,,,,,57,44,73,23,15,32,935,11,9,13,2.55,5,46,2179:01:00,0.59,7,65,1542:01:00,-0.47,7,65,1542:01:00,0.82,1764,-1.05,,,,,,56,-0.67,,,,41,56,53,-0.4,,,,29,54,6255,7430,84,81,87,2.89,1329,2379,56,50,62,1.84,308,6664,4.6,-0.86,13,8,17,0.51,,,,29,14,110522,20146,5.5,3,590,2634,22,15,29,0.73,26,23.9,-0.91,19,173,0.46,45,83,60,111,0.26,,,,,,,,,,,,,,,,7.3,0.17,No,-0.44,11,8,14,8,6,11,2,1,4,1,0,2,-0.37,80,77,83,0.52,,,,,,,,,,74,62,85,81,76,86,5162,28,24,33,0.01
27167,Minnesota,Wilkin,,72,7042,4680,10178,0.42,,,,,,,,,,,,,,,,,,,,,14,12,16,-0.8,3.3,3,3.5,-0.63,4.01,3.7,4.3,-0.42,,5,3,7,-1.05,,,,,,,,,,,,,,,,18,15,21,-0.34,32,30,34,-0.73,8.5,-0.09,21,19,24,-0.65,46,0.57,25,24,27,0.73,2,6,33,11,55,0.06,16,257.8,-0.23,11,6,19,-0.52,,,,,,,,,,,,,,,,238,5,4,6,-1.09,1,16,6207:01:00,1.35,2,32,3081:01:00,1.15,15,243,411:01:00,-0.71,2152,-0.76,,,,,,49,0.45,,,,,,54,-0.48,,,,,,4213,4455,95,91,98,-0.73,1015,1421,71,65,78,-0.39,142,3458,4.1,-1.21,11,6,16,0.07,,,,,,104591,28449,3.7,-0.87,331,1353,24,14,35,1.15,9,14.5,0.47,7,101,-0.25,27,86,57,125,0.42,,,,,,,,,,,,,,,,6.8,-0.33,No,-0.44,8,5,11,7,4,10,2,1,4,0,0,1,-1.34,81,77,86,0.87,,,,,,,,,,,,,,,,3106,22,19,26,-0.56
27169,Minnesota,Winona,,490,4960,4252,5668,-0.75,,,,,,,,,,,,,,,,,,,,,15,13,17,-0.21,3.4,3.2,3.7,-0.09,4.13,3.8,4.4,0,,7,6,8,0.56,,,,,,,15,8,21,,,,7,6,7,18,15,21,-0.26,34,33,36,0.14,8.9,-0.67,20.9,19,23,-0.69,91,-1.66,25,24,26,0.29,2,23,9,2,21,-1.09,202,400.1,0.87,6,5,7,-1.19,,,,,,,24,13,42,,,,5,4,6,2341,6,5,7,-0.33,19,38,2657:01:00,0.8,33,65,1530:01:00,-0.49,108,214,467:01:00,-0.45,2808,-0.28,,,,,,56,-0.67,,,,,,61,-1.05,,51,38,55,62,29529,31568,94,93,95,-0.37,8257,11034,75,69,81,-0.88,1393,28193,4.9,-0.65,11,7,15,0.12,,,,26,8,111452,26070,4.3,0.45,1326,9087,15,11,18,-0.83,59,11.7,0.88,49,95,-0.3,158,62,53,72,-0.66,,,,,,,,,,,,,,,,9,1.9,Yes,2.27,15,13,17,12,10,14,1,1,2,3,2,4,1.36,76,74,78,-0.53,,,,73,60,87,,,,57,40,74,77,74,79,27886,22,20,24,-0.59
27171,Minnesota,Wright,,1104,4375,3992,4758,-1.08,,,,,,,,,,,,,,,,,,,,,12,10,14,-1.55,3,2.7,3.2,-1.46,3.81,3.5,4.1,-1.2,,5,5,6,-0.97,,,,13,9,18,9,5,12,4,2,7,5,5,5,16,13,18,-1.33,30,28,31,-1.72,9.5,-1.54,19.8,18,22,-1.16,71,-0.64,24,23,25,-0.38,11,31,35,26,45,0.16,308,222.6,-0.5,7,6,8,-0.99,,,,,,,,,,15,9,23,7,6,8,5358,4,4,5,-1.32,61,44,2268:01:00,0.63,57,41,2461:01:00,0.74,172,123,815:01:00,0.33,2888,-0.22,,,,,,52,-0.03,,73,,33,53,56,-0.65,,50,21,47,57,82918,88252,94,93,95,-0.51,26531,35917,74,70,78,-0.74,4198,75721,5.5,-0.25,4,3,6,-1.74,,15,8,19,4,141208,42043,3.4,-1.57,4249,37955,11,9,14,-1.51,136,9.8,1.15,100,76,-0.49,320,47,42,52,-1.36,,,,,,,,,,,,,,,,6.9,-0.23,No,-0.44,10,8,11,8,7,9,2,1,2,1,0,1,-0.76,84,83,85,1.7,,,,,,,,,,75,64,86,81,80,83,72053,49,47,52,2.04
27173,Minnesota,Yellow Medicine,,97,4806,3418,6570,-0.84,,,,,,,,,,,,,,,,,,,,,16,14,18,0.34,3.6,3.4,3.9,0.52,4.28,4,4.5,0.57,,5,4,7,-1.02,,,,,,,,,,,,,,,,20,18,23,0.57,36,34,37,0.76,8.1,0.48,23.7,21,26,0.5,23,1.68,24,23,25,-0.19,3,7,43,22,61,0.51,21,216.3,-0.55,17,12,24,0.14,,,,,,,,,,,,,,,,488,6,5,7,-0.15,7,72,1387:01:00,-0.09,4,42,2395:01:00,0.68,7,73,1369:01:00,0.75,2891,-0.21,,,,,,50,0.29,,,,,,40,0.65,,,,,,6237,6801,92,90,94,0.27,1281,2183,59,52,65,1.43,245,5314,4.6,-0.87,12,6,17,0.32,5,,,8,7,104809,28215,3.7,-0.79,527,2262,23,16,31,0.91,24,24.7,-1.03,12,121,-0.05,31,63,43,90,-0.61,,,,,,,,,,,,,,,,6.8,-0.33,No,-0.44,11,9,13,9,7,11,2,1,3,0,0,1,-0.21,80,78,83,0.53,,,,,,,,,,,,,,,,4768,26,22,30,-0.21